payment_id,loan_id,payment_date,amount_paid,days_past_due
PAY000000,LOAN000033,2021-07-26 07:25:06.488233805,1559,0
PAY000001,LOAN000870,2023-10-08 22:45:10.134213448,758,0
PAY000002,LOAN000265,2021-02-06 01:27:54.503277062,294,0
PAY000003,LOAN000639,2021-12-10 20:18:49.599968195,339,0
PAY000004,LOAN000723,2024-04-30 16:24:28.413571358,59,0
PAY000005,LOAN000774,2023-08-16 12:28:14.794064045,782,5
PAY000006,LOAN000823,2022-01-07 18:18:17.849132538,1655,0
PAY000007,LOAN000079,2021-01-27 08:07:00.989765882,1742,30
PAY000008,LOAN000676,2021-10-12 08:30:07.204362869,387,5
PAY000009,LOAN000412,2021-06-03 01:23:55.447168112,1797,0
PAY000010,LOAN000251,2020-11-17 17:09:47.151943684,1633,30
PAY000011,LOAN000011,2023-09-20 01:39:41.738496780,1009,0
PAY000012,LOAN000400,2021-04-05 12:45:37.434982777,1858,30
PAY000013,LOAN000815,2022-04-09 18:20:06.834897995,1571,60
PAY000014,LOAN000723,2021-12-05 23:09:54.089530945,783,0
PAY000015,LOAN000281,2024-11-29 06:07:44.034294605,1177,60
PAY000016,LOAN000111,2021-12-15 12:36:45.797080278,1093,30
PAY000017,LOAN000722,2020-05-26 03:04:18.860419512,877,60
PAY000018,LOAN000377,2020-06-13 02:40:46.555610657,1813,15
PAY000019,LOAN000750,2022-12-15 07:22:09.026000977,1108,0
PAY000020,LOAN000267,2022-12-31 00:53:34.859830141,12,60
PAY000021,LOAN000916,2022-02-04 01:44:39.172860384,1608,0
PAY000022,LOAN000297,2022-02-27 23:28:55.993792295,757,0
PAY000023,LOAN000316,2020-04-08 12:50:09.212663412,1481,0
PAY000024,LOAN000569,2022-08-01 17:31:52.995174170,1991,0
PAY000025,LOAN000508,2022-07-11 03:48:59.459319592,1774,5
PAY000026,LOAN000949,2020-09-30 05:26:18.672305584,1935,30
PAY000027,LOAN000545,2020-07-08 17:08:57.847891092,284,60
PAY000028,LOAN000774,2020-08-13 18:24:23.644103289,1563,0
PAY000029,LOAN000364,2020-07-03 13:53:11.587735415,1625,90
PAY000030,LOAN000546,2023-01-18 22:29:05.848425150,224,60
PAY000031,LOAN000270,2020-12-24 23:22:16.833227396,1716,0
PAY000032,LOAN000960,2021-04-04 08:42:33.527217150,1518,0
PAY000033,LOAN000473,2020-11-13 02:47:28.956308365,338,30
PAY000034,LOAN000738,2024-10-15 23:09:44.746048689,264,15
PAY000035,LOAN000536,2024-04-10 09:15:59.487414122,1420,30
PAY000036,LOAN000233,2021-02-25 02:44:15.461482048,135,30
PAY000037,LOAN000058,2021-08-21 11:07:36.681230545,776,0
PAY000038,LOAN000250,2021-01-18 11:22:52.857802153,1617,0
PAY000039,LOAN000846,2022-06-17 15:46:37.453577518,1583,5
PAY000040,LOAN000085,2020-02-05 19:52:57.460551739,1357,0
PAY000041,LOAN000762,2023-05-11 14:08:40.034784079,1237,15
PAY000042,LOAN000389,2022-08-13 19:26:18.791534185,1205,30
PAY000043,LOAN000179,2024-06-29 19:31:11.021328449,1768,5
PAY000044,LOAN000718,2020-10-27 08:17:25.520756244,226,90
PAY000045,LOAN000855,2024-01-09 02:34:55.996638536,1278,0
PAY000046,LOAN000148,2023-12-17 21:54:23.624411583,1369,30
PAY000047,LOAN000582,2020-08-20 08:38:26.825215340,1736,15
PAY000048,LOAN000120,2021-12-29 04:01:29.496978045,1331,90
PAY000049,LOAN000764,2020-11-06 20:51:10.832057238,841,30
PAY000050,LOAN000604,2021-04-10 08:59:04.214625359,191,0
PAY000051,LOAN000255,2021-04-25 22:49:05.786290884,343,90
PAY000052,LOAN000765,2022-10-13 05:51:12.258871554,520,15
PAY000053,LOAN000863,2022-01-21 15:32:47.528998375,392,0
PAY000054,LOAN000799,2024-09-27 12:11:16.764246464,1750,15
PAY000055,LOAN000308,2020-08-18 21:04:40.742732286,1906,60
PAY000056,LOAN000058,2024-11-13 22:27:09.824081421,1232,5
PAY000057,LOAN000068,2021-02-25 09:02:35.146014214,341,0
PAY000058,LOAN000445,2023-11-13 00:58:34.904897451,1198,30
PAY000059,LOAN000387,2021-09-11 07:09:11.962173223,1275,30
PAY000060,LOAN000085,2020-09-18 09:49:58.894530058,909,5
PAY000061,LOAN000785,2024-04-16 08:43:29.980837584,651,0
PAY000062,LOAN000226,2021-07-18 06:55:57.754993677,1260,0
PAY000063,LOAN000592,2023-04-18 17:29:30.352338791,643,30
PAY000064,LOAN000625,2022-10-31 21:25:21.733242273,1589,30
PAY000065,LOAN000183,2022-05-11 21:34:14.355015755,460,0
PAY000066,LOAN000791,2022-06-24 20:41:32.052095413,205,0
PAY000067,LOAN000321,2023-08-30 19:10:05.005627155,1903,0
PAY000068,LOAN000908,2020-06-09 08:40:00.258544683,1237,30
PAY000069,LOAN000317,2023-05-05 18:23:08.395908833,467,0
PAY000070,LOAN000565,2024-06-24 15:34:08.479649544,839,0
PAY000071,LOAN000398,2020-04-15 13:53:48.706537247,266,0
PAY000072,LOAN000708,2020-09-13 23:22:03.427384138,1562,15
PAY000073,LOAN000898,2023-08-02 06:52:37.777838469,1305,0
PAY000074,LOAN000292,2022-03-09 21:55:32.564028025,18,0
PAY000075,LOAN000292,2022-01-07 06:47:59.731579065,770,60
PAY000076,LOAN000484,2020-09-07 05:42:46.769384384,958,0
PAY000077,LOAN000898,2022-07-14 20:51:09.883416891,1234,0
PAY000078,LOAN000446,2020-08-19 04:45:31.699219465,1092,60
PAY000079,LOAN000802,2022-05-20 18:51:13.565896511,896,0
PAY000080,LOAN000691,2023-10-27 03:00:13.063934565,402,5
PAY000081,LOAN000982,2021-04-16 20:22:32.032690762,1685,0
PAY000082,LOAN000891,2022-05-28 09:30:42.848440886,1152,30
PAY000083,LOAN000411,2024-12-17 09:54:58.414004803,1586,0
PAY000084,LOAN000507,2023-06-08 12:14:51.947620153,408,30
PAY000085,LOAN000733,2024-03-17 03:48:42.149485350,1867,0
PAY000086,LOAN000785,2022-01-27 22:14:16.268880606,340,0
PAY000087,LOAN000889,2023-11-03 21:09:56.726001024,1300,30
PAY000088,LOAN000243,2020-03-15 00:14:46.374471903,1553,90
PAY000089,LOAN000419,2020-08-12 13:24:34.315604448,1728,0
PAY000090,LOAN000928,2021-01-06 00:14:21.690092087,489,30
PAY000091,LOAN000959,2022-01-04 08:47:16.765901327,143,0
PAY000092,LOAN000153,2024-03-25 04:13:17.129380941,1726,5
PAY000093,LOAN000815,2021-09-24 15:04:25.661817074,925,0
PAY000094,LOAN000423,2023-04-10 23:49:48.335757732,944,15
PAY000095,LOAN000272,2023-07-19 22:00:47.514755249,364,0
PAY000096,LOAN000935,2022-12-06 22:55:25.903436184,593,0
PAY000097,LOAN000646,2021-10-14 16:20:44.953166962,1531,0
PAY000098,LOAN000824,2022-11-20 06:38:05.738839865,634,0
PAY000099,LOAN000519,2021-09-17 07:39:42.165521145,1140,60
PAY000100,LOAN000127,2020-06-02 05:41:44.476902962,299,90
PAY000101,LOAN000372,2024-12-18 20:28:07.807801247,834,30
PAY000102,LOAN000567,2020-08-20 08:41:46.416762114,638,0
PAY000103,LOAN000637,2020-05-12 04:19:54.963996410,1028,0
PAY000104,LOAN000158,2024-05-24 01:48:58.648447275,641,30
PAY000105,LOAN000570,2021-07-05 10:50:46.358994007,1180,90
PAY000106,LOAN000569,2023-04-03 02:13:18.189030647,336,0
PAY000107,LOAN000651,2021-08-24 02:14:35.643226624,1448,30
PAY000108,LOAN000175,2021-12-16 04:29:12.716865540,219,90
PAY000109,LOAN000926,2021-04-23 21:07:46.549172878,1329,60
PAY000110,LOAN000619,2021-09-18 17:47:36.837642908,1431,0
PAY000111,LOAN000210,2022-01-20 08:23:28.193707466,1136,0
PAY000112,LOAN000446,2023-08-09 04:48:13.671219826,645,0
PAY000113,LOAN000585,2022-07-23 13:50:20.561305761,1790,5
PAY000114,LOAN000166,2024-09-19 21:26:51.510836839,1541,0
PAY000115,LOAN000459,2020-03-17 12:22:17.432553530,1924,0
PAY000116,LOAN000915,2022-07-08 02:32:23.318768978,877,30
PAY000117,LOAN000356,2022-12-03 09:05:18.746495485,1242,0
PAY000118,LOAN000303,2024-08-08 04:47:50.803385258,1966,0
PAY000119,LOAN000232,2020-03-30 19:30:10.597508430,437,15
PAY000120,LOAN000326,2022-11-13 18:48:35.280861616,402,15
PAY000121,LOAN000883,2024-04-08 13:57:54.381937981,835,30
PAY000122,LOAN000181,2021-03-18 00:02:49.281260252,925,0
PAY000123,LOAN000633,2024-05-19 23:40:00.833079338,1142,30
PAY000124,LOAN000333,2020-02-04 19:00:55.475492954,1922,5
PAY000125,LOAN000714,2023-08-31 04:40:14.081720829,357,0
PAY000126,LOAN000966,2024-08-31 19:08:54.678491116,59,30
PAY000127,LOAN000028,2023-04-15 16:48:11.043336391,925,0
PAY000128,LOAN000713,2022-03-13 02:33:15.444196939,1138,0
PAY000129,LOAN000092,2020-03-22 23:56:34.117064714,1453,0
PAY000130,LOAN000840,2024-08-08 01:09:01.751654148,1406,0
PAY000131,LOAN000867,2022-05-09 05:32:55.581288576,1060,0
PAY000132,LOAN000687,2020-02-22 23:26:57.284313440,977,30
PAY000133,LOAN000329,2023-06-14 07:16:27.608244896,809,0
PAY000134,LOAN000722,2022-05-30 07:35:59.621322393,1802,90
PAY000135,LOAN000183,2020-08-15 04:17:36.525173426,1306,5
PAY000136,LOAN000094,2021-01-26 11:23:25.060690641,1026,0
PAY000137,LOAN000784,2020-04-27 19:47:14.483860493,658,0
PAY000138,LOAN000648,2022-11-15 05:37:23.264909506,1373,5
PAY000139,LOAN000748,2023-02-10 10:44:54.982471466,310,15
PAY000140,LOAN000352,2022-07-12 23:47:17.873842239,1513,0
PAY000141,LOAN000929,2024-02-01 20:17:39.580435276,1867,0
PAY000142,LOAN000940,2024-04-22 01:30:53.268169641,1577,30
PAY000143,LOAN000983,2023-01-29 17:53:54.764742374,1590,0
PAY000144,LOAN000264,2020-01-24 07:20:46.039961100,1298,60
PAY000145,LOAN000646,2023-06-24 04:25:47.802816153,1575,15
PAY000146,LOAN000655,2022-02-02 16:25:46.788684845,1629,0
PAY000147,LOAN000018,2022-10-30 06:33:52.288238287,175,0
PAY000148,LOAN000742,2023-03-31 20:53:10.454366446,325,0
PAY000149,LOAN000645,2021-10-01 21:10:30.234049082,10,30
PAY000150,LOAN000625,2024-08-02 12:56:06.917182207,1029,0
PAY000151,LOAN000498,2020-09-01 18:31:47.846079826,1794,0
PAY000152,LOAN000138,2023-05-11 20:26:59.012372255,1294,5
PAY000153,LOAN000636,2020-01-08 23:09:31.902970076,72,0
PAY000154,LOAN000715,2024-08-16 08:06:06.011302948,492,0
PAY000155,LOAN000572,2020-07-24 13:04:52.443205833,1709,30
PAY000156,LOAN000761,2020-06-22 08:29:01.404639006,1354,0
PAY000157,LOAN000809,2021-08-31 09:43:07.298669338,1879,60
PAY000158,LOAN000524,2021-11-13 12:08:04.236869812,1234,30
PAY000159,LOAN000907,2021-01-26 12:37:46.456368923,231,0
PAY000160,LOAN000254,2022-12-05 00:24:52.517997265,161,0
PAY000161,LOAN000084,2022-03-20 04:53:50.535398483,653,0
PAY000162,LOAN000457,2020-03-03 10:31:52.421784878,635,15
PAY000163,LOAN000531,2021-08-07 00:06:13.052773476,1495,0
PAY000164,LOAN000561,2024-01-20 15:51:44.619683027,226,90
PAY000165,LOAN000675,2023-06-14 02:01:58.442243576,205,15
PAY000166,LOAN000091,2023-08-17 08:08:13.875974178,1826,0
PAY000167,LOAN000599,2023-06-29 11:01:51.193971634,1235,15
PAY000168,LOAN000068,2021-07-22 03:32:42.149771690,1004,0
PAY000169,LOAN000036,2020-07-01 02:03:49.158800840,1024,30
PAY000170,LOAN000764,2021-05-12 19:08:27.907739401,656,5
PAY000171,LOAN000763,2024-02-28 16:07:18.633067846,1267,0
PAY000172,LOAN000139,2024-11-26 07:41:00.748291492,1174,0
PAY000173,LOAN000866,2022-06-21 06:12:14.048596859,717,60
PAY000174,LOAN000892,2020-01-18 17:20:28.185595989,1531,5
PAY000175,LOAN000679,2020-09-12 20:41:05.720861912,1588,90
PAY000176,LOAN000565,2021-08-11 10:35:20.639283419,1090,0
PAY000177,LOAN000897,2022-11-23 01:48:37.314373255,1965,0
PAY000178,LOAN000177,2020-05-17 04:42:22.252577066,1537,0
PAY000179,LOAN000808,2024-09-19 12:19:51.001791239,1175,5
PAY000180,LOAN000812,2021-10-29 00:11:20.062227964,731,0
PAY000181,LOAN000870,2024-07-25 06:59:34.035243511,1617,0
PAY000182,LOAN000617,2023-11-27 00:19:12.026243687,1769,15
PAY000183,LOAN000136,2023-10-12 04:24:48.690947533,1572,5
PAY000184,LOAN000189,2023-01-13 11:26:24.483448744,649,0
PAY000185,LOAN000639,2023-02-19 03:13:00.516321421,115,0
PAY000186,LOAN000341,2023-03-11 15:09:57.087943316,174,30
PAY000187,LOAN000558,2023-02-22 16:10:31.361871719,224,0
PAY000188,LOAN000004,2022-10-08 15:52:31.765279293,1104,0
PAY000189,LOAN000971,2024-12-07 04:16:54.776775837,1749,0
PAY000190,LOAN000256,2023-08-30 21:28:36.481734991,1698,30
PAY000191,LOAN000811,2023-11-20 11:32:42.857646942,1612,30
PAY000192,LOAN000661,2024-05-12 23:44:58.256840228,99,0
PAY000193,LOAN000805,2021-01-28 23:22:20.337610960,1805,0
PAY000194,LOAN000242,2020-06-02 02:38:41.164800882,883,60
PAY000195,LOAN000786,2022-06-01 05:57:18.921511173,1261,90
PAY000196,LOAN000719,2022-07-28 05:24:37.229449987,1112,15
PAY000197,LOAN000414,2024-02-23 21:57:45.674078465,617,90
PAY000198,LOAN000626,2022-03-21 19:01:20.583738804,358,15
PAY000199,LOAN000706,2022-11-08 22:45:48.470641375,1875,30
PAY000200,LOAN000342,2022-08-20 23:00:23.442977190,903,0
PAY000201,LOAN000681,2020-03-10 19:06:56.383898735,255,0
PAY000202,LOAN000378,2023-01-28 23:56:34.029533386,281,0
PAY000203,LOAN000593,2024-02-21 20:02:31.180665970,412,30
PAY000204,LOAN000665,2020-10-14 18:05:02.515300274,1702,60
PAY000205,LOAN000652,2022-12-21 20:15:28.329168081,1149,15
PAY000206,LOAN000825,2022-12-20 12:38:06.550390959,1468,0
PAY000207,LOAN000145,2020-10-26 23:10:56.294195652,1563,0
PAY000208,LOAN000322,2020-08-13 13:37:50.811403036,1475,0
PAY000209,LOAN000121,2024-11-25 13:19:03.344278336,1205,0
PAY000210,LOAN000251,2021-12-20 07:47:53.343406916,1049,15
PAY000211,LOAN000854,2021-02-19 11:59:16.659849644,970,60
PAY000212,LOAN000898,2020-11-09 00:14:19.050847530,1785,0
PAY000213,LOAN000310,2023-05-04 16:59:59.773911715,907,0
PAY000214,LOAN000600,2023-01-18 10:57:26.629943371,1089,15
PAY000215,LOAN000474,2023-03-21 18:28:24.559508324,1624,0
PAY000216,LOAN000569,2020-06-09 18:53:17.859559774,1136,60
PAY000217,LOAN000491,2024-06-20 11:42:15.902061939,293,0
PAY000218,LOAN000574,2021-12-12 04:33:10.682219267,1738,0
PAY000219,LOAN000346,2021-07-26 12:37:18.239370108,526,0
PAY000220,LOAN000819,2022-04-24 17:37:29.060107946,627,0
PAY000221,LOAN000486,2021-12-13 15:37:00.663247108,1311,5
PAY000222,LOAN000472,2024-04-26 18:07:27.961122990,1918,0
PAY000223,LOAN000381,2024-08-24 18:14:06.865717888,621,0
PAY000224,LOAN000279,2021-07-08 09:48:59.885576487,759,0
PAY000225,LOAN000071,2024-04-27 09:51:26.227814674,1302,0
PAY000226,LOAN000520,2023-11-28 20:13:34.261557341,1866,0
PAY000227,LOAN000365,2024-08-27 14:03:17.341103315,409,5
PAY000228,LOAN000932,2021-03-24 23:39:34.879416466,1536,15
PAY000229,LOAN000093,2022-11-20 02:30:17.332216978,95,60
PAY000230,LOAN000372,2021-05-16 14:13:51.426116467,329,0
PAY000231,LOAN000338,2024-02-14 14:53:42.787531853,1065,0
PAY000232,LOAN000436,2020-01-10 17:27:18.389376163,345,0
PAY000233,LOAN000335,2022-10-28 22:11:26.355273724,60,0
PAY000234,LOAN000663,2021-09-11 17:23:31.395879745,1112,15
PAY000235,LOAN000491,2021-08-12 13:02:06.676613808,1731,30
PAY000236,LOAN000916,2023-03-24 05:51:08.959784031,183,15
PAY000237,LOAN000867,2024-04-04 15:53:24.480672121,1981,0
PAY000238,LOAN000039,2023-01-17 23:59:58.278532505,1651,0
PAY000239,LOAN000358,2024-04-07 17:55:43.563725471,510,60
PAY000240,LOAN000573,2021-04-28 10:03:14.982333899,1608,0
PAY000241,LOAN000253,2022-08-07 03:07:02.379845619,85,0
PAY000242,LOAN000965,2022-04-03 03:07:34.194047451,325,90
PAY000243,LOAN000580,2020-01-22 06:36:19.992282391,1866,30
PAY000244,LOAN000397,2022-10-14 07:05:55.868766546,1406,30
PAY000245,LOAN000756,2023-04-23 14:31:06.834581375,1114,0
PAY000246,LOAN000876,2022-12-17 10:15:46.097882509,1906,0
PAY000247,LOAN000169,2023-09-07 04:24:03.606679678,1673,0
PAY000248,LOAN000689,2022-11-09 20:05:44.316998005,1728,15
PAY000249,LOAN000700,2020-05-01 22:51:54.628905535,1788,0
PAY000250,LOAN000510,2020-07-31 17:54:12.024239063,706,30
PAY000251,LOAN000259,2022-12-25 18:13:02.194129944,1019,30
PAY000252,LOAN000583,2021-05-17 09:17:15.394776583,741,5
PAY000253,LOAN000983,2020-05-25 12:16:46.624499083,1104,0
PAY000254,LOAN000458,2022-02-23 21:13:15.941034794,978,0
PAY000255,LOAN000528,2022-10-09 17:56:14.210779667,863,30
PAY000256,LOAN000881,2021-08-23 14:51:14.749752760,675,15
PAY000257,LOAN000340,2023-08-09 05:34:37.110705376,1790,30
PAY000258,LOAN000056,2023-03-22 04:03:13.046484232,661,0
PAY000259,LOAN000217,2021-08-31 01:25:10.189731359,1104,5
PAY000260,LOAN000618,2023-10-11 03:39:02.331297159,55,30
PAY000261,LOAN000815,2023-03-31 03:58:48.809958696,1080,0
PAY000262,LOAN000939,2023-03-10 14:42:17.877681255,1624,15
PAY000263,LOAN000684,2022-10-08 02:41:52.166800976,1455,30
PAY000264,LOAN000730,2020-01-21 19:24:50.998848677,158,0
PAY000265,LOAN000463,2023-06-26 12:26:49.131940602,919,0
PAY000266,LOAN000246,2021-11-18 00:40:49.643595457,1163,5
PAY000267,LOAN000729,2024-09-18 03:33:02.055732250,465,0
PAY000268,LOAN000372,2024-02-03 10:59:46.471895933,1672,30
PAY000269,LOAN000416,2022-12-09 17:13:37.560032368,886,30
PAY000270,LOAN000030,2021-04-05 17:40:31.939720869,1664,60
PAY000271,LOAN000367,2021-01-07 04:36:00.937580824,975,15
PAY000272,LOAN000558,2021-09-13 21:11:39.704946518,878,0
PAY000273,LOAN000645,2022-05-20 16:33:04.284348011,1538,0
PAY000274,LOAN000107,2021-06-24 21:52:49.743075848,938,30
PAY000275,LOAN000583,2022-07-29 18:37:42.650290489,1033,0
PAY000276,LOAN000838,2020-10-29 03:09:44.704447746,1010,15
PAY000277,LOAN000417,2024-11-21 06:45:05.100381136,783,30
PAY000278,LOAN000619,2020-07-16 04:16:33.189978123,253,0
PAY000279,LOAN000820,2024-08-29 15:53:11.888033628,483,0
PAY000280,LOAN000397,2024-07-27 02:34:07.118347406,391,5
PAY000281,LOAN000271,2022-08-17 20:00:23.064556837,1136,60
PAY000282,LOAN000682,2023-08-17 09:51:56.158087015,498,0
PAY000283,LOAN000115,2022-03-07 15:50:44.770207405,1070,60
PAY000284,LOAN000840,2023-02-25 01:45:22.161890984,1687,5
PAY000285,LOAN000585,2021-09-14 05:34:25.334548473,1582,90
PAY000286,LOAN000255,2021-07-04 05:13:14.518388033,1553,0
PAY000287,LOAN000080,2022-11-22 10:13:10.790259123,1776,0
PAY000288,LOAN000779,2022-06-29 01:59:23.833029032,1366,30
PAY000289,LOAN000127,2022-11-24 19:30:38.572158098,406,60
PAY000290,LOAN000837,2021-06-07 17:29:35.405784130,305,0
PAY000291,LOAN000914,2021-11-01 10:22:01.234241724,116,30
PAY000292,LOAN000234,2020-06-02 06:45:27.999562979,869,60
PAY000293,LOAN000552,2020-04-05 12:12:51.737010002,963,0
PAY000294,LOAN000180,2021-04-08 01:35:17.598848820,539,5
PAY000295,LOAN000156,2020-05-15 15:34:34.636532784,1858,60
PAY000296,LOAN000453,2020-07-08 14:18:48.327178001,1116,0
PAY000297,LOAN000570,2024-01-25 05:17:04.990967989,943,0
PAY000298,LOAN000856,2020-03-12 00:32:01.920436144,297,30
PAY000299,LOAN000760,2023-04-18 21:19:25.062422276,715,0
PAY000300,LOAN000703,2021-05-12 23:06:43.812207699,1494,0
PAY000301,LOAN000023,2024-05-11 07:32:06.027683735,224,90
PAY000302,LOAN000472,2022-06-05 01:56:30.098955154,1314,5
PAY000303,LOAN000399,2021-07-12 06:54:59.718983412,741,30
PAY000304,LOAN000947,2022-08-03 17:25:55.387597084,1987,30
PAY000305,LOAN000591,2021-11-28 20:05:42.788748980,1492,0
PAY000306,LOAN000133,2022-10-27 23:28:23.101113796,1834,0
PAY000307,LOAN000420,2020-07-28 06:02:13.957345486,353,0
PAY000308,LOAN000212,2024-12-26 12:02:22.442368984,203,0
PAY000309,LOAN000899,2022-02-16 11:46:26.850884438,167,15
PAY000310,LOAN000481,2021-09-28 05:13:01.523599386,474,15
PAY000311,LOAN000347,2023-07-21 13:16:53.144297600,113,0
PAY000312,LOAN000165,2021-10-26 20:15:40.233626366,43,0
PAY000313,LOAN000936,2024-03-02 09:24:42.216843367,1135,0
PAY000314,LOAN000347,2022-04-09 22:51:45.798321247,648,5
PAY000315,LOAN000848,2023-08-07 15:11:50.297506094,1759,0
PAY000316,LOAN000397,2020-07-15 07:36:31.084357738,334,0
PAY000317,LOAN000582,2024-03-25 20:38:02.573593855,1977,15
PAY000318,LOAN000725,2023-09-06 03:45:44.223287582,1841,0
PAY000319,LOAN000434,2021-01-21 19:21:26.287200928,700,0
PAY000320,LOAN000576,2020-09-22 10:30:03.439199686,601,30
PAY000321,LOAN000220,2021-07-31 20:47:12.864916325,150,0
PAY000322,LOAN000307,2024-11-18 06:44:35.002777100,483,5
PAY000323,LOAN000990,2021-04-14 05:33:03.173819065,1064,0
PAY000324,LOAN000797,2022-04-13 08:15:57.088411093,893,0
PAY000325,LOAN000696,2020-02-24 20:19:36.686113596,1968,0
PAY000326,LOAN000718,2021-12-26 17:37:57.779112577,72,60
PAY000327,LOAN000465,2022-11-09 19:14:24.132158518,1593,5
PAY000328,LOAN000098,2024-10-07 08:36:28.833297253,1120,90
PAY000329,LOAN000241,2022-08-02 01:50:31.554714918,313,5
PAY000330,LOAN000157,2024-02-05 12:13:04.937661409,1094,5
PAY000331,LOAN000609,2022-09-26 14:27:10.336900234,405,0
PAY000332,LOAN000553,2020-03-15 12:20:28.568834066,343,0
PAY000333,LOAN000650,2021-07-29 12:28:58.261876345,1985,0
PAY000334,LOAN000794,2022-11-17 12:41:41.349761486,795,0
PAY000335,LOAN000919,2024-10-02 17:38:39.185332537,420,0
PAY000336,LOAN000226,2024-04-18 15:08:52.851739407,293,0
PAY000337,LOAN000422,2021-02-21 04:56:13.093850851,475,0
PAY000338,LOAN000071,2021-02-06 03:22:32.976048946,89,0
PAY000339,LOAN000242,2021-01-02 13:01:56.143237114,1725,0
PAY000340,LOAN000529,2024-08-12 09:43:53.778259754,793,15
PAY000341,LOAN000588,2024-04-06 19:42:19.732335329,1110,60
PAY000342,LOAN000044,2023-11-16 17:05:19.454738379,1987,0
PAY000343,LOAN000471,2021-12-18 12:38:57.438614130,742,0
PAY000344,LOAN000370,2022-07-10 12:05:06.439532280,1938,0
PAY000345,LOAN000854,2022-04-28 08:01:06.044800282,1827,60
PAY000346,LOAN000651,2021-04-07 23:00:00.792948246,1573,0
PAY000347,LOAN000688,2022-07-11 16:28:11.163112164,1394,15
PAY000348,LOAN000733,2020-02-25 17:12:45.468891382,86,0
PAY000349,LOAN000926,2020-08-28 19:37:16.525619745,518,0
PAY000350,LOAN000091,2024-06-07 19:10:50.206137419,1197,0
PAY000351,LOAN000021,2023-10-05 07:39:15.929257870,1042,0
PAY000352,LOAN000171,2022-02-11 13:56:02.401522160,1208,60
PAY000353,LOAN000603,2022-08-02 20:00:32.707524300,471,0
PAY000354,LOAN000191,2021-11-06 23:42:40.145663023,1340,5
PAY000355,LOAN000076,2023-09-15 09:42:56.214940071,1621,5
PAY000356,LOAN000280,2023-12-03 17:02:21.965885639,254,15
PAY000357,LOAN000363,2023-10-26 12:31:44.472101212,131,0
PAY000358,LOAN000178,2023-08-13 05:04:44.077947378,194,0
PAY000359,LOAN000237,2021-01-08 15:06:22.474806070,41,0
PAY000360,LOAN000134,2021-09-09 11:18:27.539051533,1007,0
PAY000361,LOAN000876,2022-05-08 09:46:57.479391098,1996,15
PAY000362,LOAN000901,2021-08-27 08:36:39.917231321,771,0
PAY000363,LOAN000279,2023-10-11 06:37:04.427552700,578,5
PAY000364,LOAN000018,2021-08-24 17:29:35.992723227,319,0
PAY000365,LOAN000594,2020-09-09 13:12:01.948908567,1405,60
PAY000366,LOAN000739,2021-12-30 01:07:32.669090509,1689,0
PAY000367,LOAN000370,2024-11-25 07:17:16.975110531,839,0
PAY000368,LOAN000776,2021-02-16 16:26:53.499521255,1629,60
PAY000369,LOAN000111,2023-01-23 09:55:58.358433723,1001,0
PAY000370,LOAN000762,2022-03-02 01:00:08.241737127,1089,90
PAY000371,LOAN000675,2020-05-09 18:17:06.872235537,800,0
PAY000372,LOAN000869,2022-06-10 08:24:48.311290503,1306,0
PAY000373,LOAN000679,2023-07-06 20:30:05.337256432,473,15
PAY000374,LOAN000220,2022-07-26 15:40:10.200353622,687,60
PAY000375,LOAN000919,2024-05-12 08:06:24.059376240,1489,0
PAY000376,LOAN000303,2021-06-11 21:18:37.103045940,988,60
PAY000377,LOAN000702,2020-06-06 13:51:13.188010454,679,5
PAY000378,LOAN000324,2024-09-07 02:31:44.183928967,1282,30
PAY000379,LOAN000436,2021-11-21 23:09:12.722808123,707,0
PAY000380,LOAN000437,2022-11-19 02:13:50.232500076,1003,0
PAY000381,LOAN000169,2023-12-17 23:45:11.068404675,87,60
PAY000382,LOAN000374,2021-08-15 12:30:19.921019316,543,60
PAY000383,LOAN000556,2023-08-01 10:22:57.612042904,117,0
PAY000384,LOAN000380,2020-09-04 09:50:44.616523743,1306,0
PAY000385,LOAN000985,2021-06-16 04:38:53.618881226,773,0
PAY000386,LOAN000013,2020-09-21 09:16:19.103930950,24,5
PAY000387,LOAN000742,2024-01-22 02:50:15.089217901,379,0
PAY000388,LOAN000668,2021-02-10 18:43:25.198406696,1337,0
PAY000389,LOAN000499,2023-08-03 16:42:39.950667620,1705,0
PAY000390,LOAN000645,2024-09-19 09:44:53.240738630,214,30
PAY000391,LOAN000390,2022-08-22 05:45:20.963707685,1146,0
PAY000392,LOAN000548,2022-09-13 15:12:00.080087900,1713,0
PAY000393,LOAN000564,2022-04-22 07:23:59.618230343,874,5
PAY000394,LOAN000529,2021-08-18 09:37:51.627088070,1286,15
PAY000395,LOAN000982,2022-05-19 00:31:18.465584755,450,0
PAY000396,LOAN000491,2023-01-06 07:54:16.829398394,1219,0
PAY000397,LOAN000549,2024-12-06 09:45:30.443540573,868,15
PAY000398,LOAN000698,2024-09-09 07:06:01.429147720,236,30
PAY000399,LOAN000384,2024-04-24 03:40:58.494852543,537,15
PAY000400,LOAN000195,2024-06-12 10:35:44.626511812,1701,60
PAY000401,LOAN000754,2022-05-04 18:15:03.560362101,363,30
PAY000402,LOAN000299,2023-04-16 03:37:07.889078856,632,30
PAY000403,LOAN000814,2024-06-23 06:53:08.402305603,1034,0
PAY000404,LOAN000546,2021-12-18 22:06:18.516026974,1586,0
PAY000405,LOAN000726,2024-10-23 03:21:40.141771555,1593,0
PAY000406,LOAN000730,2022-01-29 15:23:14.098594427,936,0
PAY000407,LOAN000827,2023-01-03 04:16:21.763782263,1453,5
PAY000408,LOAN000601,2023-07-20 19:31:01.443241119,1653,0
PAY000409,LOAN000307,2024-10-02 17:33:30.921673536,1194,15
PAY000410,LOAN000251,2021-03-22 21:56:03.784717560,170,0
PAY000411,LOAN000007,2023-09-25 04:21:04.081708670,880,0
PAY000412,LOAN000767,2022-08-09 12:43:18.556484699,1161,90
PAY000413,LOAN000874,2021-05-05 15:41:36.606961966,1755,0
PAY000414,LOAN000207,2023-11-19 20:39:24.161011696,1184,0
PAY000415,LOAN000936,2022-10-05 21:50:33.147826195,453,0
PAY000416,LOAN000130,2023-04-22 14:22:48.316249132,1800,60
PAY000417,LOAN000735,2021-08-12 22:33:57.798013687,1504,0
PAY000418,LOAN000708,2022-05-29 06:54:00.863052607,472,15
PAY000419,LOAN000979,2023-02-01 21:44:57.110369205,1763,0
PAY000420,LOAN000653,2022-01-09 18:31:45.782774925,1063,5
PAY000421,LOAN000763,2020-12-28 10:14:20.858071327,482,0
PAY000422,LOAN000607,2024-10-22 22:00:44.305349350,566,30
PAY000423,LOAN000025,2022-07-23 10:49:43.304839373,89,30
PAY000424,LOAN000622,2023-09-02 20:56:25.426950455,1072,30
PAY000425,LOAN000453,2022-01-20 23:35:50.434965611,249,30
PAY000426,LOAN000634,2021-10-10 19:49:03.320398569,566,5
PAY000427,LOAN000185,2022-01-13 21:20:24.573071480,599,30
PAY000428,LOAN000483,2022-01-17 14:27:15.972167492,1370,0
PAY000429,LOAN000679,2022-09-21 05:12:35.005762100,1941,15
PAY000430,LOAN000050,2022-09-19 22:04:00.692194223,1894,0
PAY000431,LOAN000890,2022-06-27 07:12:01.867795706,1833,0
PAY000432,LOAN000004,2020-09-03 06:05:13.549415350,1985,0
PAY000433,LOAN000588,2022-06-25 07:55:03.292648554,1313,0
PAY000434,LOAN000159,2020-11-04 22:52:04.172321081,1149,0
PAY000435,LOAN000207,2020-08-18 10:48:07.046988249,278,30
PAY000436,LOAN000256,2024-08-30 22:38:57.890311956,1949,0
PAY000437,LOAN000204,2023-01-10 05:50:53.435401917,344,0
PAY000438,LOAN000766,2023-04-19 21:19:12.247128487,321,30
PAY000439,LOAN000949,2022-01-04 01:50:55.884398460,1086,0
PAY000440,LOAN000010,2024-07-18 16:59:38.935258627,1101,30
PAY000441,LOAN000948,2023-03-11 11:58:33.985521078,703,5
PAY000442,LOAN000007,2023-11-06 06:33:37.579932928,43,90
PAY000443,LOAN000408,2021-11-04 08:43:37.710937977,1829,5
PAY000444,LOAN000935,2024-10-19 22:36:03.420565128,1851,0
PAY000445,LOAN000031,2024-02-07 23:35:11.943102360,395,0
PAY000446,LOAN000983,2024-04-09 03:55:55.942542076,258,0
PAY000447,LOAN000539,2020-11-10 14:22:27.257104158,1144,60
PAY000448,LOAN000717,2021-05-10 01:11:41.059453964,1127,0
PAY000449,LOAN000386,2021-06-05 20:09:18.514531851,1443,0
PAY000450,LOAN000227,2021-05-09 22:49:39.435343742,1212,0
PAY000451,LOAN000639,2024-04-11 19:56:13.531015873,1080,30
PAY000452,LOAN000766,2020-02-28 06:05:04.201102734,803,0
PAY000453,LOAN000474,2020-05-19 00:49:56.340584278,861,90
PAY000454,LOAN000723,2021-05-15 10:37:09.290568113,883,0
PAY000455,LOAN000750,2020-12-31 04:01:48.692743778,1637,0
PAY000456,LOAN000206,2021-02-27 14:34:49.258326530,385,0
PAY000457,LOAN000317,2023-12-28 20:12:46.664563417,733,30
PAY000458,LOAN000794,2022-10-25 19:58:29.600322485,1620,60
PAY000459,LOAN000756,2020-01-11 13:01:55.042946577,1923,0
PAY000460,LOAN000556,2022-02-23 08:56:40.670151234,211,0
PAY000461,LOAN000616,2022-01-15 04:56:17.781124353,454,30
PAY000462,LOAN000347,2020-07-27 04:16:19.828575611,1952,0
PAY000463,LOAN000792,2023-05-20 07:27:54.527748108,1966,0
PAY000464,LOAN000233,2023-07-06 17:33:27.057830095,306,0
PAY000465,LOAN000700,2023-08-10 01:43:33.128386973,1341,0
PAY000466,LOAN000043,2023-08-23 21:59:38.475071430,1756,0
PAY000467,LOAN000736,2020-01-01 02:18:58.879178524,502,0
PAY000468,LOAN000941,2024-10-08 19:31:09.865455866,347,0
PAY000469,LOAN000141,2024-01-27 13:25:33.664126396,1978,30
PAY000470,LOAN000647,2024-07-09 13:47:21.955369234,932,0
PAY000471,LOAN000175,2020-01-29 13:55:37.965505362,1679,30
PAY000472,LOAN000653,2024-09-02 03:50:25.719407082,1875,0
PAY000473,LOAN000448,2024-01-19 11:36:26.661297560,1099,15
PAY000474,LOAN000591,2024-03-09 14:23:05.929630756,801,0
PAY000475,LOAN000081,2020-06-19 10:27:54.883039951,1455,30
PAY000476,LOAN000134,2023-09-11 17:56:20.443281651,1573,0
PAY000477,LOAN000718,2024-10-19 18:25:37.226735115,1957,60
PAY000478,LOAN000855,2023-05-24 16:56:37.775412560,1662,0
PAY000479,LOAN000176,2022-11-08 09:58:35.291927099,1526,0
PAY000480,LOAN000382,2024-09-23 15:58:12.395776749,1915,90
PAY000481,LOAN000242,2022-03-20 05:54:24.889721632,971,5
PAY000482,LOAN000566,2022-12-30 21:49:27.464094639,326,0
PAY000483,LOAN000140,2022-05-20 06:28:53.375307560,951,60
PAY000484,LOAN000456,2024-08-31 07:26:28.011142969,1870,0
PAY000485,LOAN000439,2020-05-19 00:09:47.157170296,635,0
PAY000486,LOAN000055,2022-07-04 13:05:47.910443544,84,90
PAY000487,LOAN000526,2023-06-09 01:29:26.339527369,1747,0
PAY000488,LOAN000696,2023-12-17 19:31:04.428257704,948,60
PAY000489,LOAN000825,2022-12-01 04:12:05.951269865,68,0
PAY000490,LOAN000418,2024-07-18 14:13:30.879255056,395,30
PAY000491,LOAN000087,2024-09-17 00:26:27.466670513,24,5
PAY000492,LOAN000608,2020-04-27 12:16:09.474932194,1264,90
PAY000493,LOAN000655,2022-01-05 03:08:36.304116726,1650,5
PAY000494,LOAN000007,2020-02-12 20:37:52.263945103,1710,0
PAY000495,LOAN000476,2021-08-24 20:15:41.733196497,208,15
PAY000496,LOAN000214,2022-09-07 20:35:51.437669754,1949,0
PAY000497,LOAN000684,2024-07-22 00:32:10.006800890,1387,30
PAY000498,LOAN000734,2024-03-26 15:42:50.153266668,44,60
PAY000499,LOAN000551,2020-08-20 22:36:28.854407549,171,0
PAY000500,LOAN000496,2020-06-18 23:11:45.137899637,1790,30
PAY000501,LOAN000693,2022-12-12 14:11:39.371288300,991,0
PAY000502,LOAN000502,2022-08-30 04:18:31.882941723,808,0
PAY000503,LOAN000781,2021-05-01 16:07:36.557125330,904,0
PAY000504,LOAN000698,2024-07-01 07:13:07.865459681,480,15
PAY000505,LOAN000244,2024-08-21 07:09:44.359452724,540,0
PAY000506,LOAN000477,2022-01-05 13:42:22.854022026,1997,30
PAY000507,LOAN000308,2024-06-14 13:59:11.487529039,801,0
PAY000508,LOAN000230,2021-12-02 11:23:28.016314268,861,15
PAY000509,LOAN000382,2023-09-08 03:56:39.991447210,1456,0
PAY000510,LOAN000154,2022-05-19 13:06:51.678117275,357,30
PAY000511,LOAN000174,2020-08-11 23:01:34.487497091,703,0
PAY000512,LOAN000847,2024-08-22 08:03:31.881027222,944,5
PAY000513,LOAN000114,2022-04-09 15:13:38.735105515,922,0
PAY000514,LOAN000389,2023-09-03 21:47:15.878604412,156,30
PAY000515,LOAN000310,2021-11-01 19:50:14.694659948,1407,0
PAY000516,LOAN000992,2020-02-04 11:53:19.549718618,1721,30
PAY000517,LOAN000299,2020-07-02 16:03:18.604510546,684,0
PAY000518,LOAN000017,2022-06-25 14:13:54.252027035,1449,30
PAY000519,LOAN000783,2023-06-14 13:33:25.672596216,696,0
PAY000520,LOAN000011,2021-09-03 13:28:28.559453726,1527,0
PAY000521,LOAN000403,2023-06-24 15:46:40.648877859,1592,0
PAY000522,LOAN000812,2023-06-30 09:46:23.971484661,1289,0
PAY000523,LOAN000703,2023-07-10 02:10:53.992238522,969,0
PAY000524,LOAN000231,2022-06-18 20:05:53.718328476,695,60
PAY000525,LOAN000954,2024-07-29 11:55:40.477899790,1136,90
PAY000526,LOAN000604,2022-06-12 18:17:20.113490582,130,30
PAY000527,LOAN000989,2022-04-02 15:13:41.535986184,428,0
PAY000528,LOAN000729,2020-12-30 06:27:00.547120810,359,0
PAY000529,LOAN000277,2021-07-16 02:03:36.973442316,1690,15
PAY000530,LOAN000352,2020-03-18 08:16:58.180593252,51,0
PAY000531,LOAN000998,2023-03-03 11:15:19.996134520,1400,60
PAY000532,LOAN000302,2021-03-30 01:47:43.078974724,38,0
PAY000533,LOAN000540,2021-07-09 16:35:58.555243254,975,90
PAY000534,LOAN000469,2023-11-09 06:40:30.525373697,1925,0
PAY000535,LOAN000812,2021-08-20 19:59:39.981348276,794,30
PAY000536,LOAN000076,2021-03-18 11:48:19.702772141,23,0
PAY000537,LOAN000520,2020-11-04 20:50:39.062453032,929,60
PAY000538,LOAN000023,2023-11-16 15:59:28.387947798,1986,0
PAY000539,LOAN000014,2020-08-24 23:21:36.001248121,827,15
PAY000540,LOAN000675,2022-04-09 00:11:41.566046953,834,30
PAY000541,LOAN000524,2022-07-15 03:52:18.227110147,1518,0
PAY000542,LOAN000346,2023-06-09 20:40:22.409195662,1222,0
PAY000543,LOAN000171,2023-03-03 00:12:50.880013943,881,0
PAY000544,LOAN000868,2024-01-21 04:28:48.242280006,304,0
PAY000545,LOAN000326,2020-03-22 18:15:39.149271727,1216,0
PAY000546,LOAN000711,2021-06-25 14:19:58.440457344,873,0
PAY000547,LOAN000484,2021-05-26 19:19:15.024226189,557,0
PAY000548,LOAN000488,2020-09-23 18:32:57.395050049,1915,15
PAY000549,LOAN000461,2021-06-12 07:53:17.070350409,1070,15
PAY000550,LOAN000377,2021-07-19 22:35:22.180336952,1017,0
PAY000551,LOAN000587,2022-08-11 11:35:23.591745853,1047,60
PAY000552,LOAN000163,2023-04-27 14:06:50.371050596,1956,60
PAY000553,LOAN000371,2021-11-27 06:29:43.155062914,644,5
PAY000554,LOAN000572,2023-08-07 11:19:50.529464960,604,0
PAY000555,LOAN000999,2021-09-06 04:10:39.957734823,1192,0
PAY000556,LOAN000976,2021-06-14 08:21:31.258431435,1527,30
PAY000557,LOAN000423,2022-09-15 18:00:49.943587780,1362,15
PAY000558,LOAN000756,2020-02-13 07:54:53.880077839,623,0
PAY000559,LOAN000476,2020-05-25 18:35:36.575173140,1882,15
PAY000560,LOAN000381,2022-02-02 15:07:42.769855261,1116,0
PAY000561,LOAN000154,2024-09-18 16:50:11.648780584,1589,0
PAY000562,LOAN000256,2023-08-11 04:50:54.681267977,1613,15
PAY000563,LOAN000755,2020-06-10 00:10:25.750057697,1593,15
PAY000564,LOAN000673,2024-03-26 05:21:08.007896662,1602,0
PAY000565,LOAN000067,2023-08-30 21:55:27.082659006,1620,5
PAY000566,LOAN000343,2023-01-21 04:46:59.732435703,1055,60
PAY000567,LOAN000276,2024-02-07 16:12:20.652448416,1165,5
PAY000568,LOAN000672,2022-01-08 07:24:30.973799467,474,15
PAY000569,LOAN000390,2021-02-08 16:22:41.080223083,1489,0
PAY000570,LOAN000448,2022-07-24 11:12:05.636307240,1335,0
PAY000571,LOAN000258,2022-09-29 17:36:47.877345562,964,0
PAY000572,LOAN000306,2022-09-10 12:32:05.135606289,939,5
PAY000573,LOAN000846,2022-10-29 09:21:20.191750765,1300,30
PAY000574,LOAN000094,2024-09-29 06:48:47.717825890,808,0
PAY000575,LOAN000949,2024-07-06 09:39:57.893484831,404,0
PAY000576,LOAN000463,2024-05-18 22:26:26.228530884,1153,0
PAY000577,LOAN000969,2024-01-04 04:31:27.568997383,255,0
PAY000578,LOAN000245,2024-09-19 15:26:08.330525637,577,60
PAY000579,LOAN000732,2020-06-28 22:47:34.974090576,47,15
PAY000580,LOAN000634,2021-04-29 09:07:29.164341927,254,0
PAY000581,LOAN000186,2022-06-23 11:12:47.178224087,30,30
PAY000582,LOAN000773,2024-03-26 14:50:40.036110163,1143,30
PAY000583,LOAN000924,2022-07-11 22:30:22.027855635,1639,15
PAY000584,LOAN000784,2023-09-28 15:49:38.102339983,403,0
PAY000585,LOAN000372,2020-09-10 21:06:50.131276130,1443,0
PAY000586,LOAN000571,2021-04-06 03:50:27.137026310,996,0
PAY000587,LOAN000405,2023-08-29 22:55:05.574762583,1681,30
PAY000588,LOAN000407,2020-10-27 23:15:24.558152199,1776,15
PAY000589,LOAN000124,2021-10-03 22:15:18.081897259,17,5
PAY000590,LOAN000336,2021-04-28 21:51:20.421394110,1477,0
PAY000591,LOAN000340,2021-10-01 04:44:08.045762062,337,0
PAY000592,LOAN000562,2023-07-18 02:35:34.454294920,1920,0
PAY000593,LOAN000177,2021-11-03 01:21:47.515498400,299,90
PAY000594,LOAN000650,2022-10-11 11:11:10.210966587,1796,0
PAY000595,LOAN000951,2020-07-01 13:48:46.602294207,520,0
PAY000596,LOAN000838,2024-01-10 18:24:56.926627159,921,90
PAY000597,LOAN000169,2021-11-06 18:52:35.246708393,370,5
PAY000598,LOAN000038,2023-03-30 20:55:32.899058342,1942,30
PAY000599,LOAN000068,2023-08-18 06:52:59.713204861,1632,0
PAY000600,LOAN000235,2021-01-18 01:12:43.605913877,725,5
PAY000601,LOAN000559,2024-06-04 07:13:43.464844227,228,0
PAY000602,LOAN000380,2023-01-30 20:12:03.544062138,415,30
PAY000603,LOAN000056,2022-02-22 06:44:24.055868149,762,0
PAY000604,LOAN000276,2020-11-29 03:01:59.266335963,932,0
PAY000605,LOAN000849,2024-09-17 14:00:41.490331650,841,30
PAY000606,LOAN000098,2023-10-11 12:13:50.213148594,1803,5
PAY000607,LOAN000915,2021-01-15 01:27:39.696218967,1654,5
PAY000608,LOAN000526,2021-09-08 23:56:31.380388021,1801,0
PAY000609,LOAN000324,2024-01-19 06:35:48.727124929,803,0
PAY000610,LOAN000460,2023-06-25 00:04:27.035998344,1253,15
PAY000611,LOAN000178,2023-10-31 02:06:34.801196575,604,15
PAY000612,LOAN000843,2022-03-17 01:47:09.347397566,116,90
PAY000613,LOAN000573,2023-08-02 00:03:04.191601515,590,30
PAY000614,LOAN000118,2021-12-07 02:58:36.336492777,618,0
PAY000615,LOAN000468,2021-01-20 23:27:22.974861622,1757,60
PAY000616,LOAN000548,2023-03-01 21:37:21.445406199,1319,0
PAY000617,LOAN000645,2024-11-18 04:15:30.994761467,1782,0
PAY000618,LOAN000454,2021-07-21 11:13:53.017472744,17,0
PAY000619,LOAN000025,2022-04-22 04:35:40.845607519,815,0
PAY000620,LOAN000489,2023-05-16 09:36:43.627215385,198,30
PAY000621,LOAN000007,2022-09-16 07:58:02.850624561,90,5
PAY000622,LOAN000968,2024-03-20 22:37:19.150501490,117,5
PAY000623,LOAN000986,2023-10-23 16:53:39.095791101,1354,0
PAY000624,LOAN000515,2020-04-16 12:12:56.861843824,1612,0
PAY000625,LOAN000532,2024-12-29 02:46:27.354322672,695,0
PAY000626,LOAN000926,2023-10-06 15:20:34.046488285,355,15
PAY000627,LOAN000148,2024-04-27 08:25:57.406311512,1896,0
PAY000628,LOAN000487,2023-04-04 17:43:02.207844257,337,30
PAY000629,LOAN000024,2024-04-13 10:23:25.060539961,564,0
PAY000630,LOAN000998,2020-07-24 07:46:07.264826536,1732,0
PAY000631,LOAN000654,2021-09-27 07:36:31.008977413,311,15
PAY000632,LOAN000756,2024-05-20 05:18:19.926611185,209,30
PAY000633,LOAN000930,2021-01-03 10:10:39.733070374,902,0
PAY000634,LOAN000944,2020-05-22 22:45:34.338732719,1452,30
PAY000635,LOAN000554,2023-12-10 21:26:21.403384686,1072,90
PAY000636,LOAN000424,2024-03-06 10:23:49.029530048,1765,90
PAY000637,LOAN000292,2020-10-24 03:58:28.067486763,316,30
PAY000638,LOAN000184,2024-04-09 21:21:45.551003456,1037,30
PAY000639,LOAN000553,2023-06-08 17:23:39.484840870,1666,0
PAY000640,LOAN000430,2022-08-08 04:35:07.777250767,1881,30
PAY000641,LOAN000603,2024-02-25 20:48:37.631081343,1110,0
PAY000642,LOAN000316,2022-02-04 23:14:27.902896881,477,90
PAY000643,LOAN000397,2020-12-20 10:14:49.172940731,188,0
PAY000644,LOAN000323,2021-06-04 10:13:12.590479851,654,0
PAY000645,LOAN000564,2022-07-11 22:25:54.746850967,1856,5
PAY000646,LOAN000595,2022-08-28 17:47:33.349680185,1774,0
PAY000647,LOAN000545,2024-01-11 19:06:29.080062866,285,0
PAY000648,LOAN000075,2023-12-16 19:14:03.216147184,1185,5
PAY000649,LOAN000864,2022-11-28 03:45:38.881102324,1197,30
PAY000650,LOAN000919,2023-11-27 11:52:54.748593807,1323,15
PAY000651,LOAN000915,2020-12-16 08:52:57.357339144,1411,0
PAY000652,LOAN000708,2020-04-01 11:13:45.782352448,630,30
PAY000653,LOAN000485,2024-05-15 03:05:45.077590704,647,0
PAY000654,LOAN000797,2020-05-18 00:54:48.393035650,1785,0
PAY000655,LOAN000087,2021-03-26 16:47:39.362693310,1343,15
PAY000656,LOAN000746,2023-06-24 08:20:43.091268063,939,30
PAY000657,LOAN000231,2022-01-18 01:28:23.408696175,1946,0
PAY000658,LOAN000006,2024-05-20 00:36:53.830278873,1422,5
PAY000659,LOAN000803,2021-06-28 09:49:04.930864334,1890,0
PAY000660,LOAN000549,2020-01-22 16:32:05.311528921,1691,0
PAY000661,LOAN000975,2021-07-03 07:08:54.698307037,1797,0
PAY000662,LOAN000051,2022-11-22 03:26:05.123963356,192,90
PAY000663,LOAN000654,2021-11-17 20:08:45.184860945,1854,30
PAY000664,LOAN000941,2022-09-04 05:06:02.140235662,1339,15
PAY000665,LOAN000918,2024-05-20 13:04:27.532840490,81,5
PAY000666,LOAN000395,2024-07-25 02:38:40.768415451,1252,30
PAY000667,LOAN000220,2021-04-30 22:25:50.833032608,728,0
PAY000668,LOAN000427,2022-04-24 07:56:07.698978901,1206,0
PAY000669,LOAN000751,2022-09-30 06:52:00.409105778,1686,0
PAY000670,LOAN000142,2024-09-30 00:40:58.834689140,1305,15
PAY000671,LOAN000860,2024-12-29 11:22:19.958591700,735,60
PAY000672,LOAN000362,2021-03-06 02:08:13.369931698,1501,0
PAY000673,LOAN000381,2023-08-21 04:36:48.235576630,278,0
PAY000674,LOAN000560,2021-11-21 15:54:21.660484076,1053,0
PAY000675,LOAN000276,2020-01-15 19:31:41.581439972,587,30
PAY000676,LOAN000270,2020-01-17 21:42:16.573570013,1004,0
PAY000677,LOAN000013,2022-04-21 10:53:53.878523350,824,0
PAY000678,LOAN000297,2022-06-11 04:30:33.355490685,1536,15
PAY000679,LOAN000463,2020-02-11 05:38:09.799268246,156,5
PAY000680,LOAN000526,2023-06-09 00:23:36.134590626,1462,0
PAY000681,LOAN000233,2021-06-21 03:27:38.099201441,1198,0
PAY000682,LOAN000574,2022-10-19 22:11:33.778133869,899,15
PAY000683,LOAN000707,2021-07-03 18:41:58.272566319,319,0
PAY000684,LOAN000026,2020-11-01 08:30:19.578201771,527,90
PAY000685,LOAN000470,2022-01-13 21:45:14.724300623,23,15
PAY000686,LOAN000092,2021-02-28 08:43:20.997601986,141,0
PAY000687,LOAN000616,2022-09-04 01:57:11.649425983,1887,0
PAY000688,LOAN000308,2020-12-29 06:14:00.225605726,764,0
PAY000689,LOAN000051,2022-07-17 20:35:06.950088978,448,0
PAY000690,LOAN000318,2020-10-14 12:43:59.231892347,752,60
PAY000691,LOAN000968,2023-05-10 20:53:56.621517658,749,30
PAY000692,LOAN000180,2023-10-09 10:39:34.514595270,1707,0
PAY000693,LOAN000568,2020-07-20 16:33:58.980207920,804,0
PAY000694,LOAN000119,2022-05-04 16:12:00.586847782,272,0
PAY000695,LOAN000819,2020-05-09 11:34:56.389133692,652,0
PAY000696,LOAN000874,2022-12-28 21:06:13.939652681,1976,5
PAY000697,LOAN000042,2021-04-28 01:35:58.760228634,1258,0
PAY000698,LOAN000646,2022-08-21 23:16:37.860469103,267,90
PAY000699,LOAN000884,2022-08-03 09:37:49.222136736,1267,0
PAY000700,LOAN000937,2024-08-15 19:05:21.738860607,1369,5
PAY000701,LOAN000259,2022-09-30 04:12:04.115496159,418,60
PAY000702,LOAN000196,2022-12-01 03:19:02.419279337,1861,0
PAY000703,LOAN000644,2022-01-03 19:41:10.530659675,984,0
PAY000704,LOAN000970,2024-09-29 23:14:32.785296440,1057,0
PAY000705,LOAN000254,2023-11-20 22:02:51.925588846,280,0
PAY000706,LOAN000731,2021-06-05 10:27:04.209116459,1128,90
PAY000707,LOAN000335,2024-03-22 08:54:06.901618481,151,60
PAY000708,LOAN000552,2022-02-28 23:42:56.165024996,1727,60
PAY000709,LOAN000501,2024-02-22 23:23:48.874779701,1751,30
PAY000710,LOAN000989,2024-02-12 09:59:45.666720629,911,0
PAY000711,LOAN000899,2020-12-11 01:34:47.817039490,983,60
PAY000712,LOAN000254,2023-07-04 23:38:10.784065485,1114,90
PAY000713,LOAN000513,2021-06-15 00:06:46.505350113,283,0
PAY000714,LOAN000706,2021-06-27 12:27:30.937818766,285,0
PAY000715,LOAN000241,2021-06-25 10:16:13.710214853,1916,5
PAY000716,LOAN000148,2023-08-18 14:42:59.468430996,1991,0
PAY000717,LOAN000709,2021-02-23 21:24:44.209868908,474,0
PAY000718,LOAN000298,2020-01-02 15:43:08.629934072,1241,60
PAY000719,LOAN000756,2023-07-30 17:42:19.985423326,1329,60
PAY000720,LOAN000849,2020-11-08 18:06:31.131657362,1072,0
PAY000721,LOAN000619,2020-07-09 21:20:38.650048494,1981,0
PAY000722,LOAN000452,2021-03-09 22:36:24.680910110,297,30
PAY000723,LOAN000392,2021-11-25 01:52:41.170101404,1157,15
PAY000724,LOAN000211,2022-05-19 11:32:26.329361677,885,0
PAY000725,LOAN000667,2020-03-22 10:18:25.722602844,1316,30
PAY000726,LOAN000537,2024-11-08 05:41:58.160560131,887,60
PAY000727,LOAN000593,2023-08-01 05:55:57.958826780,189,60
PAY000728,LOAN000594,2021-08-13 11:24:48.154829264,1130,0
PAY000729,LOAN000130,2021-08-05 06:14:14.414820433,1224,0
PAY000730,LOAN000328,2022-03-30 11:41:37.336949587,1107,60
PAY000731,LOAN000611,2023-02-18 03:34:58.758648396,456,0
PAY000732,LOAN000255,2020-09-24 10:09:58.405654907,794,30
PAY000733,LOAN000478,2020-12-11 04:11:40.106276274,1530,0
PAY000734,LOAN000560,2024-04-19 04:29:15.317107916,570,0
PAY000735,LOAN000912,2021-04-13 04:15:57.249676943,493,0
PAY000736,LOAN000062,2021-11-25 14:47:24.976376057,858,0
PAY000737,LOAN000310,2024-05-10 19:31:41.233658552,731,60
PAY000738,LOAN000406,2023-04-26 13:42:21.684684277,125,0
PAY000739,LOAN000801,2021-09-16 07:22:56.947347641,544,60
PAY000740,LOAN000104,2023-06-03 02:51:27.651359320,1131,60
PAY000741,LOAN000616,2020-02-05 23:04:10.660959244,1361,0
PAY000742,LOAN000836,2023-09-06 00:27:33.682241917,1942,30
PAY000743,LOAN000014,2022-06-08 18:40:45.640401840,416,0
PAY000744,LOAN000686,2024-01-25 16:24:38.858864546,1346,30
PAY000745,LOAN000258,2024-10-10 02:57:06.354646683,1735,5
PAY000746,LOAN000722,2024-08-18 09:58:34.745656252,703,0
PAY000747,LOAN000411,2024-07-19 05:27:13.051547289,1181,0
PAY000748,LOAN000258,2022-07-24 17:37:41.620040655,1375,15
PAY000749,LOAN000613,2021-10-19 23:30:41.114750862,504,60
PAY000750,LOAN000259,2022-04-29 14:52:08.107645988,957,0
PAY000751,LOAN000855,2023-06-14 10:33:35.831823349,32,5
PAY000752,LOAN000670,2024-06-03 01:32:04.272891998,1138,0
PAY000753,LOAN000044,2021-01-13 03:56:07.490217209,1708,30
PAY000754,LOAN000954,2024-08-04 12:56:01.004023551,1612,0
PAY000755,LOAN000812,2024-01-29 08:01:22.121096611,1835,15
PAY000756,LOAN000762,2024-11-23 08:52:42.792726755,1834,0
PAY000757,LOAN000330,2024-05-27 05:16:47.117479563,567,5
PAY000758,LOAN000164,2021-05-26 10:41:31.316390514,1626,30
PAY000759,LOAN000192,2020-07-12 13:57:17.282209635,950,30
PAY000760,LOAN000520,2020-07-24 01:32:47.488873959,1692,30
PAY000761,LOAN000400,2021-06-16 01:33:36.262872934,1255,5
PAY000762,LOAN000373,2023-01-27 02:43:40.545386791,864,60
PAY000763,LOAN000064,2024-01-09 11:50:15.571351767,1048,5
PAY000764,LOAN000386,2024-06-30 22:19:38.857899666,900,60
PAY000765,LOAN000494,2023-02-13 14:20:18.232159615,1666,5
PAY000766,LOAN000793,2020-01-11 06:55:18.484956026,87,5
PAY000767,LOAN000692,2020-12-06 09:37:04.860424757,1355,0
PAY000768,LOAN000414,2020-07-01 04:47:40.511624812,816,5
PAY000769,LOAN000793,2021-10-25 19:03:05.777099848,1274,0
PAY000770,LOAN000790,2022-07-04 23:14:18.127868891,1051,60
PAY000771,LOAN000029,2020-03-20 06:52:46.150725842,777,15
PAY000772,LOAN000265,2021-09-28 16:03:44.217676401,463,90
PAY000773,LOAN000327,2020-11-23 08:40:13.342696190,1476,0
PAY000774,LOAN000491,2023-03-28 04:43:57.540428877,937,0
PAY000775,LOAN000216,2022-04-28 05:24:53.460481167,286,60
PAY000776,LOAN000319,2022-06-23 22:41:17.457928896,1457,0
PAY000777,LOAN000917,2022-02-20 09:25:46.278088331,1509,0
PAY000778,LOAN000398,2024-10-12 15:33:08.155493975,1060,60
PAY000779,LOAN000890,2021-01-27 07:42:20.758789062,523,5
PAY000780,LOAN000104,2022-08-01 22:41:40.076283216,1898,0
PAY000781,LOAN000695,2023-09-06 16:53:22.445099592,473,60
PAY000782,LOAN000329,2022-10-14 08:30:49.777647495,816,0
PAY000783,LOAN000659,2024-08-24 07:42:28.068876982,833,60
PAY000784,LOAN000616,2021-11-21 13:09:23.249372482,372,0
PAY000785,LOAN000046,2022-04-27 03:15:24.233552217,1416,15
PAY000786,LOAN000598,2020-06-10 17:31:35.319127560,760,0
PAY000787,LOAN000820,2023-01-17 15:23:34.877057791,534,30
PAY000788,LOAN000948,2021-06-10 13:31:06.213045120,1415,0
PAY000789,LOAN000640,2020-10-19 21:13:50.752843142,1217,30
PAY000790,LOAN000769,2022-09-21 20:36:29.272596836,1227,0
PAY000791,LOAN000313,2022-08-30 12:44:25.543256283,1495,0
PAY000792,LOAN000146,2020-05-18 14:49:11.007811308,65,30
PAY000793,LOAN000957,2023-06-29 15:21:04.337372303,1263,0
PAY000794,LOAN000461,2023-02-13 15:09:46.856370926,498,0
PAY000795,LOAN000583,2020-12-11 08:01:47.329926252,1061,0
PAY000796,LOAN000485,2022-05-07 15:46:47.408629894,1865,0
PAY000797,LOAN000651,2023-08-09 00:43:09.270306826,1616,0
PAY000798,LOAN000409,2022-08-25 06:41:54.064513922,731,0
PAY000799,LOAN000026,2021-12-23 13:24:18.044989824,1993,0
PAY000800,LOAN000028,2021-08-11 21:53:48.155759573,1217,15
PAY000801,LOAN000270,2023-01-20 04:33:00.952590466,1458,5
PAY000802,LOAN000685,2024-09-11 18:02:17.532626629,1408,0
PAY000803,LOAN000500,2023-05-12 06:40:03.954924107,1901,90
PAY000804,LOAN000252,2020-05-16 13:27:30.177522659,50,60
PAY000805,LOAN000384,2022-04-21 16:06:52.982080460,1517,0
PAY000806,LOAN000059,2024-06-15 12:51:23.466520786,1013,0
PAY000807,LOAN000106,2020-06-21 13:59:18.407493830,269,60
PAY000808,LOAN000219,2024-12-11 16:13:20.012905121,450,0
PAY000809,LOAN000440,2024-09-29 22:47:41.181231976,935,0
PAY000810,LOAN000770,2020-05-23 00:10:45.951756954,865,0
PAY000811,LOAN000882,2024-09-01 08:18:26.190259457,93,30
PAY000812,LOAN000657,2021-10-25 10:38:16.143708944,55,0
PAY000813,LOAN000563,2024-03-23 06:48:27.208592653,449,30
PAY000814,LOAN000571,2022-02-03 09:16:21.331385612,1704,30
PAY000815,LOAN000545,2022-03-16 10:36:53.934407711,1889,5
PAY000816,LOAN000095,2023-03-04 18:17:27.791459799,1552,60
PAY000817,LOAN000988,2023-11-15 23:17:09.169487953,995,0
PAY000818,LOAN000088,2020-03-02 17:35:12.086803675,1878,5
PAY000819,LOAN000827,2022-12-19 16:42:14.730745554,1471,0
PAY000820,LOAN000921,2020-12-07 03:52:05.970653534,145,0
PAY000821,LOAN000230,2021-09-24 01:11:40.053356647,1216,0
PAY000822,LOAN000967,2021-09-27 17:43:48.264866114,1742,0
PAY000823,LOAN000274,2022-05-06 23:21:28.072861671,1205,0
PAY000824,LOAN000245,2021-09-02 11:12:48.196607113,918,0
PAY000825,LOAN000110,2020-07-15 03:34:13.158569574,870,0
PAY000826,LOAN000233,2020-09-23 01:31:44.136710405,797,30
PAY000827,LOAN000277,2020-03-02 02:11:19.647178888,599,0
PAY000828,LOAN000476,2022-05-09 03:28:54.816582680,1961,15
PAY000829,LOAN000416,2024-10-09 18:37:21.086089849,965,0
PAY000830,LOAN000677,2020-07-30 08:07:37.943481445,699,0
PAY000831,LOAN000127,2024-09-24 19:48:19.761116982,548,0
PAY000832,LOAN000236,2023-09-01 20:26:08.512702227,1153,0
PAY000833,LOAN000802,2023-03-10 17:02:51.039805889,1314,5
PAY000834,LOAN000618,2023-03-24 22:08:20.455539227,1341,0
PAY000835,LOAN000127,2024-02-19 10:21:14.136768579,717,90
PAY000836,LOAN000706,2020-07-14 08:13:19.967975140,1310,90
PAY000837,LOAN000850,2022-07-11 04:28:03.286926746,1563,0
PAY000838,LOAN000393,2023-06-27 14:03:08.029647827,304,30
PAY000839,LOAN000474,2022-12-08 02:54:10.352108240,1816,0
PAY000840,LOAN000654,2024-03-01 11:41:48.142426014,62,5
PAY000841,LOAN000394,2020-05-12 00:58:11.628226995,815,30
PAY000842,LOAN000110,2023-06-15 21:51:33.047853947,1465,0
PAY000843,LOAN000089,2022-09-02 16:02:52.518872738,61,0
PAY000844,LOAN000762,2021-11-23 17:26:44.029653311,737,0
PAY000845,LOAN000279,2021-09-13 16:22:38.715591908,81,0
PAY000846,LOAN000332,2023-02-08 06:16:09.414778233,37,5
PAY000847,LOAN000223,2024-06-15 20:21:54.674646139,478,0
PAY000848,LOAN000100,2022-06-25 12:19:19.227654219,1945,0
PAY000849,LOAN000131,2024-02-15 18:27:40.674401283,773,0
PAY000850,LOAN000012,2022-01-04 17:45:10.911939383,895,30
PAY000851,LOAN000456,2020-07-06 01:47:32.656398773,921,0
PAY000852,LOAN000440,2020-04-22 08:54:12.716058254,556,30
PAY000853,LOAN000097,2020-04-03 18:54:34.249682188,1434,15
PAY000854,LOAN000119,2021-11-25 12:49:24.328415632,210,30
PAY000855,LOAN000292,2021-09-08 03:12:03.235140085,1794,30
PAY000856,LOAN000815,2023-08-04 16:06:09.402488708,1644,0
PAY000857,LOAN000710,2023-09-19 03:14:13.925375462,829,0
PAY000858,LOAN000000,2020-04-02 21:50:41.371518612,1499,5
PAY000859,LOAN000571,2021-02-07 23:48:46.192167044,1685,90
PAY000860,LOAN000249,2021-05-16 01:50:00.980762720,1628,5
PAY000861,LOAN000651,2022-09-27 11:41:25.010498047,569,0
PAY000862,LOAN000148,2020-09-21 00:42:12.736339092,1823,0
PAY000863,LOAN000394,2020-09-01 17:03:16.517704487,388,90
PAY000864,LOAN000043,2024-09-20 07:15:18.770365953,1793,0
PAY000865,LOAN000882,2024-01-09 06:41:20.685095072,1928,0
PAY000866,LOAN000697,2020-11-26 01:21:22.128817081,1210,0
PAY000867,LOAN000619,2022-01-12 19:11:06.867743969,1085,90
PAY000868,LOAN000043,2021-10-11 17:18:48.324404716,88,0
PAY000869,LOAN000077,2023-12-16 03:56:47.902631998,1418,0
PAY000870,LOAN000225,2022-07-21 03:48:57.462237597,843,15
PAY000871,LOAN000161,2020-08-21 13:57:18.963682413,1609,0
PAY000872,LOAN000792,2023-09-12 03:19:26.346989870,1041,60
PAY000873,LOAN000252,2021-12-26 02:44:38.649142504,1247,5
PAY000874,LOAN000131,2021-04-25 08:42:08.676627874,34,0
PAY000875,LOAN000447,2021-11-17 00:51:48.882112265,459,60
PAY000876,LOAN000883,2022-06-28 09:37:47.283726692,777,90
PAY000877,LOAN000886,2021-09-18 20:55:44.989871025,764,0
PAY000878,LOAN000473,2021-03-17 23:05:03.539772272,1490,0
PAY000879,LOAN000655,2021-12-29 01:31:01.052388906,1494,30
PAY000880,LOAN000777,2020-02-05 00:41:37.646021605,207,0
PAY000881,LOAN000108,2023-11-12 08:29:08.000272274,1127,60
PAY000882,LOAN000705,2020-11-08 07:35:30.095345497,1752,60
PAY000883,LOAN000034,2020-03-21 05:07:46.194514275,1980,0
PAY000884,LOAN000466,2023-04-09 07:22:49.031406879,446,90
PAY000885,LOAN000901,2023-11-14 23:33:04.955977440,1560,0
PAY000886,LOAN000274,2024-01-26 20:46:47.143498659,699,15
PAY000887,LOAN000186,2022-06-20 15:23:26.308687210,1411,0
PAY000888,LOAN000948,2021-01-10 04:59:02.984231234,596,60
PAY000889,LOAN000242,2023-09-08 21:57:33.091381550,113,15
PAY000890,LOAN000263,2023-07-02 09:01:08.425428152,1839,15
PAY000891,LOAN000973,2021-03-25 22:28:44.936241388,1713,60
PAY000892,LOAN000521,2024-07-08 12:37:23.804658413,1995,5
PAY000893,LOAN000962,2020-07-09 16:28:46.898457289,636,0
PAY000894,LOAN000677,2024-11-30 08:54:50.146561623,1072,60
PAY000895,LOAN000540,2024-04-20 16:08:45.656663418,467,30
PAY000896,LOAN000782,2023-06-10 18:58:47.305079460,373,60
PAY000897,LOAN000086,2024-09-11 02:18:18.364658833,1818,60
PAY000898,LOAN000534,2023-08-12 15:54:00.391168594,144,0
PAY000899,LOAN000209,2020-12-13 23:09:30.260784387,383,0
PAY000900,LOAN000045,2022-03-18 19:39:44.438293934,1265,0
PAY000901,LOAN000466,2020-05-10 15:15:52.599216700,48,15
PAY000902,LOAN000539,2021-12-12 21:41:55.148961544,1997,0
PAY000903,LOAN000025,2023-09-16 21:48:33.153973579,1836,30
PAY000904,LOAN000265,2021-12-07 00:46:04.985812187,828,0
PAY000905,LOAN000174,2021-08-26 10:44:20.421336174,56,0
PAY000906,LOAN000515,2022-12-23 17:09:27.794275761,45,0
PAY000907,LOAN000310,2024-05-12 12:25:27.075156689,1865,0
PAY000908,LOAN000321,2020-03-27 22:25:40.176342964,104,15
PAY000909,LOAN000578,2021-12-05 06:06:27.434570312,994,0
PAY000910,LOAN000134,2020-10-16 02:32:24.169616222,1394,0
PAY000911,LOAN000054,2023-06-24 09:53:35.469927788,1558,0
PAY000912,LOAN000975,2020-07-12 03:48:37.892823935,1179,30
PAY000913,LOAN000542,2023-04-29 14:29:26.153615713,1950,30
PAY000914,LOAN000585,2021-06-06 20:27:31.761888027,377,0
PAY000915,LOAN000530,2020-12-29 10:06:16.015499353,74,30
PAY000916,LOAN000155,2024-09-06 17:11:13.039835930,1261,0
PAY000917,LOAN000848,2020-02-03 20:15:56.308164120,763,0
PAY000918,LOAN000667,2022-03-10 19:39:28.144129753,1553,15
PAY000919,LOAN000146,2020-02-09 12:18:01.315673113,825,0
PAY000920,LOAN000484,2022-06-02 12:35:16.703803062,1886,30
PAY000921,LOAN000598,2022-07-04 09:55:31.517506837,1588,0
PAY000922,LOAN000019,2021-08-10 16:15:21.764580727,765,90
PAY000923,LOAN000268,2020-08-29 11:01:46.635302067,190,0
PAY000924,LOAN000332,2021-11-18 15:50:26.716492653,1534,5
PAY000925,LOAN000554,2023-05-13 05:23:07.404587269,606,60
PAY000926,LOAN000906,2023-11-30 10:29:29.102792025,1188,0
PAY000927,LOAN000943,2022-08-27 16:21:08.688654900,796,0
PAY000928,LOAN000910,2022-12-13 15:03:30.698619843,1568,0
PAY000929,LOAN000400,2021-01-01 12:37:35.907865524,636,5
PAY000930,LOAN000949,2021-06-08 22:51:37.624917507,1851,0
PAY000931,LOAN000305,2020-10-22 18:47:55.354472876,1468,0
PAY000932,LOAN000027,2021-03-31 11:06:09.025207996,1844,15
PAY000933,LOAN000466,2021-02-14 20:50:07.941584826,1132,0
PAY000934,LOAN000259,2022-08-07 00:47:25.388458729,625,15
PAY000935,LOAN000533,2022-10-25 00:46:35.630082846,1405,0
PAY000936,LOAN000981,2024-09-22 10:03:16.229452848,1596,0
PAY000937,LOAN000886,2020-12-23 07:22:54.242787361,1395,5
PAY000938,LOAN000100,2023-03-18 08:11:47.540980577,121,5
PAY000939,LOAN000550,2024-02-02 03:11:03.935633659,462,0
PAY000940,LOAN000801,2022-10-20 13:28:03.734253407,765,0
PAY000941,LOAN000352,2021-04-10 21:24:00.557521820,1202,0
PAY000942,LOAN000299,2021-04-24 16:18:08.949301004,593,0
PAY000943,LOAN000681,2020-03-12 17:10:04.335805893,148,0
PAY000944,LOAN000295,2021-07-12 01:07:06.404512167,1881,0
PAY000945,LOAN000352,2023-09-22 09:22:55.620984793,240,15
PAY000946,LOAN000907,2020-03-27 19:33:31.024862528,1272,5
PAY000947,LOAN000129,2021-02-04 15:39:34.370178461,993,0
PAY000948,LOAN000155,2023-07-14 06:52:57.344237566,262,0
PAY000949,LOAN000073,2023-11-30 21:42:20.615967035,1469,0
PAY000950,LOAN000341,2022-04-11 20:48:05.919823647,1952,5
PAY000951,LOAN000464,2023-06-29 09:09:48.937002420,570,60
PAY000952,LOAN000089,2021-12-09 18:55:36.088246822,1455,15
PAY000953,LOAN000578,2020-10-19 03:52:33.484144688,1336,30
PAY000954,LOAN000454,2021-12-28 10:03:32.371172667,81,30
PAY000955,LOAN000747,2022-11-25 14:25:44.328962564,1296,0
PAY000956,LOAN000711,2024-09-28 02:14:25.089667797,1867,0
PAY000957,LOAN000979,2020-05-05 14:35:30.289863586,231,15
PAY000958,LOAN000331,2022-07-16 00:12:58.416889906,1110,0
PAY000959,LOAN000738,2021-08-23 22:28:27.965941906,71,5
PAY000960,LOAN000976,2022-07-17 16:27:04.214320183,1504,30
PAY000961,LOAN000347,2020-02-13 19:16:31.499638081,1190,30
PAY000962,LOAN000232,2021-07-25 21:32:08.710637808,815,0
PAY000963,LOAN000777,2024-02-06 21:34:42.717950821,134,5
PAY000964,LOAN000597,2022-10-09 01:14:13.725809336,750,15
PAY000965,LOAN000101,2022-04-03 05:08:28.122004032,1885,30
PAY000966,LOAN000952,2021-06-05 15:42:12.040467262,170,30
PAY000967,LOAN000480,2021-06-28 12:34:06.741679430,550,90
PAY000968,LOAN000213,2021-11-30 22:13:53.976287842,635,0
PAY000969,LOAN000107,2024-03-06 14:06:16.165893793,1624,0
PAY000970,LOAN000164,2024-11-02 02:21:52.891664267,1568,0
PAY000971,LOAN000972,2022-03-12 10:09:40.181224346,115,0
PAY000972,LOAN000602,2021-12-19 15:44:06.984282732,1164,60
PAY000973,LOAN000703,2024-03-26 15:33:30.305337667,1390,90
PAY000974,LOAN000334,2022-02-18 22:56:40.197338343,1718,0
PAY000975,LOAN000085,2022-10-05 12:53:34.147750854,785,0
PAY000976,LOAN000733,2021-02-25 22:19:48.393572807,1887,0
PAY000977,LOAN000874,2023-09-20 09:05:57.079827309,1918,30
PAY000978,LOAN000423,2022-08-29 22:37:25.606333971,1830,0
PAY000979,LOAN000612,2024-01-18 02:32:49.052178621,11,0
PAY000980,LOAN000737,2023-11-27 09:34:07.486669540,242,0
PAY000981,LOAN000363,2021-01-27 19:31:44.684775114,378,0
PAY000982,LOAN000059,2023-07-31 11:11:15.435084343,1284,60
PAY000983,LOAN000481,2024-01-01 16:47:08.447466135,955,0
PAY000984,LOAN000249,2021-09-24 08:06:37.057775259,1866,0
PAY000985,LOAN000559,2020-11-11 08:33:51.777140141,1141,0
PAY000986,LOAN000116,2020-01-05 19:24:53.128273726,1309,0
PAY000987,LOAN000738,2022-04-03 19:13:24.170982122,189,15
PAY000988,LOAN000873,2021-10-05 21:28:13.485054493,1758,0
PAY000989,LOAN000914,2022-10-10 19:41:11.016875505,302,0
PAY000990,LOAN000967,2020-12-09 13:13:32.980199099,593,30
PAY000991,LOAN000998,2024-04-19 14:36:53.762686491,804,0
PAY000992,LOAN000544,2021-04-15 22:03:02.501500845,184,15
PAY000993,LOAN000043,2021-02-17 16:29:07.165979862,132,0
PAY000994,LOAN000508,2022-05-28 06:20:59.815413713,236,0
PAY000995,LOAN000987,2022-06-30 09:37:10.880900145,1935,15
PAY000996,LOAN000164,2021-01-27 23:03:25.602367401,453,30
PAY000997,LOAN000367,2021-05-11 16:32:56.923720598,1846,5
PAY000998,LOAN000856,2020-11-06 01:14:07.175325155,437,0
PAY000999,LOAN000291,2023-08-05 15:02:30.836811066,1116,0
