loan_id,dpd_bucket,pd_estimate,lgd_estimate,npl_flag
LOAN000000,0,0.19,0.363,0
LOAN000001,0,0.164,0.43,0
LOAN000002,1-30,0.231,0.64,0
LOAN000003,0,0.021,0.763,0
LOAN000004,0,0.281,0.518,0
LOAN000005,0,0.038,0.206,1
LOAN000006,0,0.205,0.403,0
LOAN000007,1-30,0.049,0.439,0
LOAN000008,0,0.265,0.404,0
LOAN000009,0,0.158,0.462,0
LOAN000010,90+,0.034,0.58,0
LOAN000011,0,0.189,0.273,0
LOAN000012,0,0.013,0.364,0
LOAN000013,0,0.235,0.505,0
LOAN000014,90+,0.199,0.389,0
LOAN000015,90+,0.072,0.795,0
LOAN000016,0,0.119,0.459,0
LOAN000017,0,0.012,0.722,1
LOAN000018,61-90,0.211,0.738,0
LOAN000019,0,0.104,0.702,0
LOAN000020,0,0.176,0.228,0
LOAN000021,31-60,0.287,0.769,0
LOAN000022,0,0.097,0.277,0
LOAN000023,0,0.297,0.221,0
LOAN000024,31-60,0.193,0.449,0
LOAN000025,0,0.08,0.317,1
LOAN000026,0,0.137,0.311,0
LOAN000027,0,0.225,0.373,0
LOAN000028,0,0.139,0.349,0
LOAN000029,0,0.03,0.611,0
LOAN000030,0,0.059,0.312,0
LOAN000031,1-30,0.239,0.526,0
LOAN000032,61-90,0.198,0.792,0
LOAN000033,0,0.175,0.459,0
LOAN000034,31-60,0.059,0.585,0
LOAN000035,31-60,0.253,0.782,0
LOAN000036,1-30,0.289,0.283,0
LOAN000037,0,0.022,0.451,0
LOAN000038,61-90,0.033,0.71,0
LOAN000039,0,0.267,0.759,0
LOAN000040,0,0.247,0.561,0
LOAN000041,0,0.189,0.286,0
LOAN000042,31-60,0.284,0.741,0
LOAN000043,0,0.197,0.305,0
LOAN000044,0,0.073,0.412,1
LOAN000045,1-30,0.221,0.425,0
LOAN000046,61-90,0.197,0.468,0
LOAN000047,1-30,0.296,0.674,0
LOAN000048,0,0.072,0.681,0
LOAN000049,0,0.183,0.632,0
LOAN000050,1-30,0.236,0.213,0
LOAN000051,0,0.108,0.539,1
LOAN000052,1-30,0.12,0.648,0
LOAN000053,0,0.267,0.467,0
LOAN000054,61-90,0.127,0.767,0
LOAN000055,0,0.191,0.694,0
LOAN000056,0,0.268,0.583,0
LOAN000057,61-90,0.071,0.237,0
LOAN000058,0,0.295,0.591,0
LOAN000059,0,0.214,0.747,0
LOAN000060,31-60,0.154,0.428,0
LOAN000061,0,0.135,0.703,0
LOAN000062,0,0.287,0.388,0
LOAN000063,0,0.07,0.542,0
LOAN000064,0,0.1,0.589,0
LOAN000065,0,0.099,0.607,0
LOAN000066,1-30,0.094,0.73,0
LOAN000067,1-30,0.146,0.341,0
LOAN000068,0,0.297,0.357,0
LOAN000069,0,0.268,0.622,0
LOAN000070,90+,0.105,0.306,0
LOAN000071,90+,0.133,0.479,0
LOAN000072,0,0.204,0.212,0
LOAN000073,31-60,0.015,0.285,0
LOAN000074,1-30,0.248,0.607,0
LOAN000075,0,0.265,0.648,0
LOAN000076,0,0.259,0.269,0
LOAN000077,0,0.119,0.337,0
LOAN000078,31-60,0.144,0.259,0
LOAN000079,1-30,0.014,0.46,0
LOAN000080,1-30,0.126,0.276,1
LOAN000081,0,0.144,0.462,0
LOAN000082,1-30,0.273,0.639,0
LOAN000083,31-60,0.269,0.61,0
LOAN000084,61-90,0.29,0.368,0
LOAN000085,0,0.267,0.604,1
LOAN000086,1-30,0.012,0.757,0
LOAN000087,0,0.196,0.409,0
LOAN000088,1-30,0.03,0.397,0
LOAN000089,1-30,0.089,0.543,0
LOAN000090,0,0.178,0.347,0
LOAN000091,31-60,0.213,0.591,0
LOAN000092,0,0.2,0.699,0
LOAN000093,31-60,0.024,0.476,0
LOAN000094,0,0.04,0.608,0
LOAN000095,1-30,0.047,0.591,0
LOAN000096,61-90,0.037,0.223,0
LOAN000097,0,0.062,0.31,0
LOAN000098,0,0.21,0.736,0
LOAN000099,0,0.251,0.763,0
LOAN000100,0,0.129,0.668,0
LOAN000101,0,0.211,0.753,0
LOAN000102,1-30,0.068,0.384,0
LOAN000103,61-90,0.292,0.349,0
LOAN000104,61-90,0.111,0.431,0
LOAN000105,0,0.255,0.233,1
LOAN000106,1-30,0.284,0.686,0
LOAN000107,31-60,0.261,0.791,0
LOAN000108,0,0.029,0.694,0
LOAN000109,0,0.199,0.533,0
LOAN000110,0,0.045,0.377,0
LOAN000111,31-60,0.012,0.319,0
LOAN000112,0,0.025,0.418,0
LOAN000113,1-30,0.276,0.6,0
LOAN000114,0,0.273,0.468,0
LOAN000115,90+,0.075,0.76,0
LOAN000116,0,0.169,0.713,0
LOAN000117,1-30,0.287,0.261,0
LOAN000118,0,0.154,0.279,0
LOAN000119,0,0.124,0.606,0
LOAN000120,31-60,0.15,0.338,0
LOAN000121,90+,0.239,0.675,0
LOAN000122,0,0.148,0.555,0
LOAN000123,0,0.237,0.338,0
LOAN000124,0,0.135,0.487,0
LOAN000125,0,0.083,0.444,0
LOAN000126,0,0.105,0.724,0
LOAN000127,31-60,0.033,0.219,1
LOAN000128,90+,0.154,0.738,0
LOAN000129,0,0.053,0.591,0
LOAN000130,0,0.245,0.643,0
LOAN000131,0,0.132,0.202,0
LOAN000132,0,0.232,0.577,0
LOAN000133,0,0.287,0.553,1
LOAN000134,0,0.256,0.522,1
LOAN000135,0,0.286,0.672,0
LOAN000136,0,0.175,0.534,0
LOAN000137,0,0.058,0.714,0
LOAN000138,0,0.281,0.34,0
LOAN000139,0,0.262,0.684,0
LOAN000140,61-90,0.261,0.308,0
LOAN000141,1-30,0.211,0.688,0
LOAN000142,61-90,0.191,0.764,0
LOAN000143,0,0.014,0.401,0
LOAN000144,0,0.227,0.518,0
LOAN000145,0,0.037,0.595,0
LOAN000146,0,0.085,0.248,0
LOAN000147,1-30,0.17,0.496,0
LOAN000148,0,0.141,0.416,0
LOAN000149,0,0.015,0.723,1
LOAN000150,0,0.249,0.726,1
LOAN000151,0,0.265,0.62,0
LOAN000152,90+,0.208,0.593,0
LOAN000153,0,0.167,0.64,0
LOAN000154,1-30,0.289,0.42,0
LOAN000155,0,0.045,0.443,0
LOAN000156,90+,0.224,0.532,0
LOAN000157,0,0.047,0.763,0
LOAN000158,1-30,0.121,0.634,0
LOAN000159,0,0.18,0.531,0
LOAN000160,1-30,0.224,0.662,0
LOAN000161,0,0.011,0.423,1
LOAN000162,0,0.086,0.638,0
LOAN000163,61-90,0.166,0.446,0
LOAN000164,90+,0.165,0.368,0
LOAN000165,0,0.195,0.566,0
LOAN000166,31-60,0.098,0.612,0
LOAN000167,0,0.167,0.476,0
LOAN000168,31-60,0.065,0.539,0
LOAN000169,1-30,0.064,0.616,0
LOAN000170,0,0.177,0.661,0
LOAN000171,61-90,0.209,0.737,0
LOAN000172,31-60,0.045,0.413,0
LOAN000173,0,0.046,0.771,0
LOAN000174,31-60,0.174,0.582,0
LOAN000175,0,0.088,0.673,0
LOAN000176,31-60,0.124,0.62,0
LOAN000177,1-30,0.126,0.323,0
LOAN000178,0,0.062,0.243,0
LOAN000179,1-30,0.01,0.636,0
LOAN000180,0,0.257,0.507,0
LOAN000181,0,0.217,0.621,0
LOAN000182,0,0.21,0.486,0
LOAN000183,0,0.168,0.387,0
LOAN000184,31-60,0.213,0.371,0
LOAN000185,0,0.281,0.638,0
LOAN000186,0,0.203,0.366,0
LOAN000187,1-30,0.087,0.629,0
LOAN000188,0,0.175,0.43,0
LOAN000189,0,0.138,0.663,0
LOAN000190,0,0.171,0.286,0
LOAN000191,1-30,0.16,0.323,0
LOAN000192,0,0.259,0.612,0
LOAN000193,0,0.199,0.536,0
LOAN000194,0,0.065,0.322,0
LOAN000195,31-60,0.028,0.742,0
LOAN000196,0,0.133,0.366,0
LOAN000197,90+,0.015,0.453,0
LOAN000198,1-30,0.102,0.321,0
LOAN000199,61-90,0.117,0.433,0
LOAN000200,0,0.119,0.495,0
LOAN000201,0,0.294,0.377,0
LOAN000202,61-90,0.098,0.661,0
LOAN000203,0,0.087,0.436,0
LOAN000204,0,0.048,0.638,0
LOAN000205,0,0.158,0.324,0
LOAN000206,90+,0.055,0.426,0
LOAN000207,1-30,0.189,0.205,0
LOAN000208,0,0.055,0.655,0
LOAN000209,1-30,0.177,0.576,1
LOAN000210,0,0.25,0.691,0
LOAN000211,31-60,0.022,0.473,1
LOAN000212,0,0.132,0.68,0
LOAN000213,31-60,0.144,0.589,0
LOAN000214,0,0.239,0.202,0
LOAN000215,0,0.146,0.352,0
LOAN000216,0,0.175,0.496,0
LOAN000217,0,0.239,0.571,0
LOAN000218,1-30,0.172,0.239,0
LOAN000219,0,0.114,0.623,0
LOAN000220,0,0.035,0.526,0
LOAN000221,0,0.222,0.515,0
LOAN000222,0,0.263,0.375,0
LOAN000223,0,0.291,0.557,1
LOAN000224,0,0.279,0.216,0
LOAN000225,0,0.241,0.239,0
LOAN000226,0,0.197,0.64,0
LOAN000227,0,0.237,0.393,1
LOAN000228,90+,0.135,0.408,0
LOAN000229,1-30,0.182,0.325,0
LOAN000230,0,0.111,0.467,0
LOAN000231,1-30,0.105,0.231,1
LOAN000232,31-60,0.229,0.38,0
LOAN000233,0,0.142,0.516,0
LOAN000234,31-60,0.072,0.479,0
LOAN000235,0,0.069,0.8,0
LOAN000236,31-60,0.259,0.433,0
LOAN000237,0,0.207,0.432,0
LOAN000238,0,0.168,0.502,0
LOAN000239,0,0.126,0.314,0
LOAN000240,90+,0.135,0.726,0
LOAN000241,31-60,0.027,0.543,0
LOAN000242,0,0.142,0.315,0
LOAN000243,0,0.241,0.676,0
LOAN000244,0,0.123,0.221,0
LOAN000245,0,0.121,0.79,0
LOAN000246,0,0.015,0.719,0
LOAN000247,0,0.143,0.548,0
LOAN000248,61-90,0.017,0.267,1
LOAN000249,1-30,0.175,0.329,1
LOAN000250,0,0.157,0.368,0
LOAN000251,0,0.254,0.345,0
LOAN000252,90+,0.179,0.499,0
LOAN000253,1-30,0.104,0.767,0
LOAN000254,1-30,0.16,0.467,0
LOAN000255,90+,0.213,0.597,0
LOAN000256,31-60,0.037,0.613,0
LOAN000257,0,0.19,0.723,0
LOAN000258,0,0.276,0.22,0
LOAN000259,90+,0.097,0.443,0
LOAN000260,0,0.192,0.671,1
LOAN000261,0,0.248,0.689,0
LOAN000262,0,0.158,0.756,0
LOAN000263,1-30,0.218,0.622,0
LOAN000264,90+,0.1,0.347,0
LOAN000265,0,0.099,0.503,0
LOAN000266,0,0.204,0.219,0
LOAN000267,61-90,0.215,0.588,0
LOAN000268,0,0.282,0.533,0
LOAN000269,0,0.075,0.6,1
LOAN000270,90+,0.146,0.758,1
LOAN000271,0,0.083,0.612,0
LOAN000272,0,0.033,0.392,1
LOAN000273,1-30,0.127,0.319,0
LOAN000274,0,0.118,0.713,0
LOAN000275,90+,0.088,0.317,0
LOAN000276,0,0.096,0.297,0
LOAN000277,0,0.115,0.324,0
LOAN000278,0,0.297,0.505,0
LOAN000279,0,0.237,0.275,0
LOAN000280,31-60,0.031,0.763,0
LOAN000281,31-60,0.263,0.78,1
LOAN000282,90+,0.194,0.784,1
LOAN000283,0,0.268,0.223,0
LOAN000284,1-30,0.109,0.768,0
LOAN000285,0,0.145,0.798,0
LOAN000286,31-60,0.27,0.765,0
LOAN000287,1-30,0.089,0.603,0
LOAN000288,0,0.275,0.621,0
LOAN000289,0,0.25,0.273,0
LOAN000290,0,0.294,0.725,0
LOAN000291,0,0.104,0.236,0
LOAN000292,90+,0.078,0.391,0
LOAN000293,0,0.106,0.795,0
LOAN000294,0,0.287,0.453,0
LOAN000295,0,0.107,0.279,0
LOAN000296,31-60,0.174,0.782,0
LOAN000297,0,0.127,0.79,0
LOAN000298,0,0.125,0.312,0
LOAN000299,0,0.066,0.719,0
LOAN000300,1-30,0.166,0.434,0
LOAN000301,0,0.256,0.429,0
LOAN000302,1-30,0.024,0.358,0
LOAN000303,0,0.268,0.227,1
LOAN000304,0,0.203,0.361,0
LOAN000305,0,0.189,0.232,0
LOAN000306,0,0.192,0.755,0
LOAN000307,0,0.096,0.597,0
LOAN000308,0,0.13,0.732,0
LOAN000309,1-30,0.242,0.63,0
LOAN000310,0,0.099,0.279,0
LOAN000311,0,0.146,0.764,0
LOAN000312,61-90,0.016,0.74,0
LOAN000313,0,0.223,0.409,0
LOAN000314,1-30,0.131,0.267,1
LOAN000315,31-60,0.162,0.622,1
LOAN000316,0,0.043,0.637,0
LOAN000317,31-60,0.298,0.738,1
LOAN000318,0,0.098,0.232,0
LOAN000319,0,0.194,0.285,0
LOAN000320,0,0.179,0.559,0
LOAN000321,0,0.238,0.571,0
LOAN000322,0,0.095,0.22,0
LOAN000323,0,0.229,0.438,0
LOAN000324,0,0.121,0.55,0
LOAN000325,0,0.129,0.643,0
LOAN000326,0,0.205,0.39,0
LOAN000327,0,0.237,0.49,0
LOAN000328,0,0.203,0.688,0
LOAN000329,0,0.271,0.772,0
LOAN000330,0,0.093,0.338,0
LOAN000331,0,0.271,0.352,0
LOAN000332,61-90,0.048,0.764,0
LOAN000333,31-60,0.201,0.438,0
LOAN000334,0,0.169,0.631,0
LOAN000335,1-30,0.153,0.567,0
LOAN000336,0,0.1,0.371,0
LOAN000337,0,0.156,0.592,0
LOAN000338,61-90,0.057,0.593,0
LOAN000339,0,0.117,0.555,0
LOAN000340,90+,0.039,0.26,0
LOAN000341,0,0.176,0.797,0
LOAN000342,0,0.038,0.44,0
LOAN000343,0,0.056,0.583,0
LOAN000344,0,0.035,0.731,0
LOAN000345,0,0.121,0.454,0
LOAN000346,0,0.254,0.664,0
LOAN000347,1-30,0.273,0.783,1
LOAN000348,0,0.031,0.415,0
LOAN000349,0,0.194,0.443,0
LOAN000350,0,0.208,0.743,0
LOAN000351,61-90,0.165,0.296,0
LOAN000352,0,0.203,0.217,0
LOAN000353,0,0.078,0.745,0
LOAN000354,90+,0.152,0.693,0
LOAN000355,0,0.123,0.784,1
LOAN000356,0,0.036,0.235,0
LOAN000357,31-60,0.191,0.294,0
LOAN000358,31-60,0.154,0.263,0
LOAN000359,0,0.09,0.61,0
LOAN000360,0,0.147,0.564,0
LOAN000361,1-30,0.235,0.416,0
LOAN000362,0,0.242,0.234,0
LOAN000363,61-90,0.198,0.584,0
LOAN000364,0,0.146,0.542,0
LOAN000365,0,0.177,0.268,0
LOAN000366,0,0.122,0.745,0
LOAN000367,1-30,0.047,0.319,0
LOAN000368,61-90,0.122,0.646,0
LOAN000369,1-30,0.164,0.731,0
LOAN000370,90+,0.184,0.548,0
LOAN000371,0,0.281,0.348,1
LOAN000372,0,0.235,0.386,0
LOAN000373,31-60,0.054,0.731,0
LOAN000374,61-90,0.061,0.379,0
LOAN000375,31-60,0.039,0.648,0
LOAN000376,31-60,0.224,0.794,0
LOAN000377,0,0.215,0.8,0
LOAN000378,0,0.296,0.52,0
LOAN000379,61-90,0.161,0.696,0
LOAN000380,0,0.25,0.794,1
LOAN000381,0,0.177,0.425,0
LOAN000382,1-30,0.263,0.351,0
LOAN000383,0,0.219,0.269,0
LOAN000384,31-60,0.196,0.285,0
LOAN000385,0,0.174,0.712,0
LOAN000386,31-60,0.22,0.553,0
LOAN000387,1-30,0.132,0.724,0
LOAN000388,0,0.038,0.674,0
LOAN000389,0,0.022,0.604,0
LOAN000390,0,0.149,0.566,0
LOAN000391,0,0.184,0.229,0
LOAN000392,0,0.033,0.723,0
LOAN000393,0,0.093,0.451,0
LOAN000394,0,0.103,0.536,0
LOAN000395,0,0.173,0.213,0
LOAN000396,0,0.091,0.762,0
LOAN000397,1-30,0.038,0.742,0
LOAN000398,0,0.058,0.526,0
LOAN000399,61-90,0.06,0.546,0
LOAN000400,1-30,0.254,0.623,0
LOAN000401,31-60,0.092,0.359,0
LOAN000402,31-60,0.217,0.333,0
LOAN000403,0,0.175,0.604,0
LOAN000404,31-60,0.293,0.263,0
LOAN000405,0,0.089,0.472,0
LOAN000406,61-90,0.056,0.496,0
LOAN000407,61-90,0.025,0.429,0
LOAN000408,0,0.08,0.311,1
LOAN000409,0,0.208,0.413,0
LOAN000410,0,0.035,0.403,0
LOAN000411,1-30,0.081,0.5,0
LOAN000412,0,0.258,0.605,0
LOAN000413,0,0.179,0.781,0
LOAN000414,0,0.03,0.286,1
LOAN000415,0,0.024,0.724,0
LOAN000416,90+,0.028,0.371,0
LOAN000417,31-60,0.283,0.555,0
LOAN000418,0,0.256,0.528,0
LOAN000419,0,0.255,0.534,0
LOAN000420,0,0.278,0.634,0
LOAN000421,0,0.157,0.429,0
LOAN000422,31-60,0.082,0.391,0
LOAN000423,0,0.126,0.712,0
LOAN000424,0,0.218,0.332,0
LOAN000425,61-90,0.264,0.308,1
LOAN000426,61-90,0.136,0.209,0
LOAN000427,0,0.165,0.326,0
LOAN000428,0,0.28,0.511,0
LOAN000429,0,0.041,0.523,0
LOAN000430,1-30,0.26,0.353,0
LOAN000431,90+,0.056,0.243,1
LOAN000432,0,0.15,0.647,0
LOAN000433,0,0.073,0.655,0
LOAN000434,61-90,0.185,0.799,0
LOAN000435,1-30,0.172,0.74,0
LOAN000436,90+,0.12,0.756,0
LOAN000437,0,0.26,0.679,0
LOAN000438,0,0.201,0.569,0
LOAN000439,0,0.219,0.277,0
LOAN000440,0,0.054,0.573,0
LOAN000441,0,0.266,0.234,0
LOAN000442,0,0.058,0.731,0
LOAN000443,0,0.075,0.489,0
LOAN000444,61-90,0.047,0.618,0
LOAN000445,0,0.138,0.231,0
LOAN000446,1-30,0.267,0.521,0
LOAN000447,0,0.083,0.381,0
LOAN000448,31-60,0.118,0.371,1
LOAN000449,0,0.255,0.434,0
LOAN000450,31-60,0.189,0.2,0
LOAN000451,0,0.228,0.48,0
LOAN000452,0,0.072,0.492,0
LOAN000453,1-30,0.218,0.718,1
LOAN000454,0,0.076,0.469,0
LOAN000455,0,0.296,0.418,0
LOAN000456,61-90,0.172,0.797,0
LOAN000457,61-90,0.212,0.543,0
LOAN000458,0,0.044,0.484,0
LOAN000459,0,0.083,0.498,0
LOAN000460,0,0.051,0.686,0
LOAN000461,0,0.123,0.404,0
LOAN000462,90+,0.092,0.433,1
LOAN000463,0,0.223,0.654,0
LOAN000464,0,0.042,0.244,0
LOAN000465,90+,0.228,0.719,0
LOAN000466,0,0.023,0.458,0
LOAN000467,1-30,0.069,0.549,0
LOAN000468,0,0.24,0.654,0
LOAN000469,0,0.225,0.36,0
LOAN000470,0,0.148,0.734,0
LOAN000471,0,0.024,0.788,0
LOAN000472,0,0.187,0.497,0
LOAN000473,0,0.128,0.762,1
LOAN000474,0,0.102,0.201,0
LOAN000475,0,0.196,0.737,0
LOAN000476,0,0.137,0.387,0
LOAN000477,0,0.037,0.387,0
LOAN000478,0,0.276,0.337,1
LOAN000479,1-30,0.236,0.39,0
LOAN000480,0,0.026,0.328,0
LOAN000481,0,0.162,0.744,1
LOAN000482,31-60,0.034,0.739,0
LOAN000483,0,0.253,0.261,0
LOAN000484,31-60,0.188,0.286,1
LOAN000485,31-60,0.06,0.717,0
LOAN000486,0,0.016,0.439,0
LOAN000487,0,0.019,0.302,0
LOAN000488,90+,0.157,0.506,0
LOAN000489,0,0.223,0.45,0
LOAN000490,31-60,0.045,0.331,0
LOAN000491,0,0.074,0.632,0
LOAN000492,0,0.105,0.579,0
LOAN000493,0,0.073,0.26,0
LOAN000494,0,0.123,0.755,0
LOAN000495,0,0.172,0.535,1
LOAN000496,1-30,0.209,0.35,0
LOAN000497,61-90,0.289,0.324,0
LOAN000498,31-60,0.28,0.282,0
LOAN000499,0,0.175,0.455,0
LOAN000500,61-90,0.223,0.281,0
LOAN000501,31-60,0.286,0.449,0
LOAN000502,61-90,0.034,0.289,0
LOAN000503,0,0.012,0.594,0
LOAN000504,31-60,0.019,0.671,0
LOAN000505,0,0.173,0.53,0
LOAN000506,0,0.231,0.608,1
LOAN000507,90+,0.116,0.763,0
LOAN000508,0,0.168,0.583,0
LOAN000509,0,0.16,0.418,1
LOAN000510,61-90,0.037,0.47,1
LOAN000511,0,0.103,0.716,1
LOAN000512,61-90,0.016,0.278,0
LOAN000513,1-30,0.042,0.395,0
LOAN000514,0,0.245,0.546,0
LOAN000515,0,0.251,0.606,0
LOAN000516,31-60,0.243,0.658,0
LOAN000517,0,0.221,0.391,0
LOAN000518,90+,0.24,0.288,0
LOAN000519,61-90,0.205,0.773,0
LOAN000520,0,0.204,0.246,0
LOAN000521,0,0.204,0.257,0
LOAN000522,90+,0.159,0.497,0
LOAN000523,0,0.115,0.692,0
LOAN000524,0,0.222,0.665,0
LOAN000525,31-60,0.097,0.763,0
LOAN000526,61-90,0.167,0.285,0
LOAN000527,1-30,0.136,0.425,0
LOAN000528,0,0.09,0.369,1
LOAN000529,1-30,0.293,0.717,0
LOAN000530,1-30,0.085,0.493,0
LOAN000531,61-90,0.1,0.216,0
LOAN000532,90+,0.057,0.625,0
LOAN000533,0,0.249,0.433,0
LOAN000534,31-60,0.18,0.519,0
LOAN000535,90+,0.188,0.736,1
LOAN000536,0,0.248,0.354,0
LOAN000537,0,0.109,0.344,0
LOAN000538,61-90,0.066,0.358,1
LOAN000539,0,0.068,0.403,0
LOAN000540,0,0.222,0.264,0
LOAN000541,0,0.188,0.618,0
LOAN000542,0,0.07,0.324,1
LOAN000543,0,0.052,0.756,1
LOAN000544,0,0.045,0.329,1
LOAN000545,90+,0.192,0.353,0
LOAN000546,1-30,0.01,0.378,0
LOAN000547,1-30,0.015,0.661,0
LOAN000548,0,0.123,0.457,0
LOAN000549,1-30,0.21,0.692,1
LOAN000550,1-30,0.212,0.671,0
LOAN000551,1-30,0.135,0.758,0
LOAN000552,0,0.21,0.654,0
LOAN000553,0,0.161,0.231,0
LOAN000554,31-60,0.293,0.702,0
LOAN000555,1-30,0.057,0.763,0
LOAN000556,1-30,0.184,0.796,0
LOAN000557,0,0.152,0.275,0
LOAN000558,0,0.066,0.568,0
LOAN000559,31-60,0.227,0.32,0
LOAN000560,0,0.09,0.358,1
LOAN000561,1-30,0.121,0.647,0
LOAN000562,90+,0.119,0.787,1
LOAN000563,31-60,0.081,0.557,0
LOAN000564,0,0.135,0.71,0
LOAN000565,0,0.147,0.205,0
LOAN000566,1-30,0.226,0.222,0
LOAN000567,61-90,0.232,0.558,0
LOAN000568,0,0.056,0.433,0
LOAN000569,0,0.182,0.734,0
LOAN000570,0,0.27,0.381,0
LOAN000571,1-30,0.042,0.459,0
LOAN000572,1-30,0.147,0.517,0
LOAN000573,90+,0.228,0.364,0
LOAN000574,0,0.187,0.745,0
LOAN000575,31-60,0.039,0.479,0
LOAN000576,0,0.125,0.454,0
LOAN000577,0,0.157,0.71,1
LOAN000578,31-60,0.299,0.387,0
LOAN000579,0,0.062,0.69,1
LOAN000580,0,0.295,0.273,0
LOAN000581,31-60,0.119,0.31,0
LOAN000582,0,0.068,0.771,0
LOAN000583,0,0.13,0.705,0
LOAN000584,0,0.188,0.433,0
LOAN000585,0,0.072,0.583,0
LOAN000586,61-90,0.095,0.766,0
LOAN000587,0,0.258,0.327,0
LOAN000588,31-60,0.3,0.235,0
LOAN000589,0,0.102,0.522,0
LOAN000590,0,0.053,0.286,0
LOAN000591,0,0.24,0.312,0
LOAN000592,61-90,0.184,0.735,0
LOAN000593,0,0.039,0.204,1
LOAN000594,31-60,0.285,0.69,0
LOAN000595,0,0.033,0.51,0
LOAN000596,90+,0.191,0.536,0
LOAN000597,31-60,0.133,0.603,0
LOAN000598,1-30,0.171,0.459,0
LOAN000599,61-90,0.072,0.269,0
LOAN000600,1-30,0.21,0.262,1
LOAN000601,31-60,0.288,0.653,0
LOAN000602,0,0.143,0.333,0
LOAN000603,0,0.162,0.217,0
LOAN000604,1-30,0.08,0.788,0
LOAN000605,0,0.269,0.788,0
LOAN000606,0,0.292,0.427,0
LOAN000607,0,0.238,0.215,0
LOAN000608,0,0.167,0.636,0
LOAN000609,1-30,0.287,0.699,0
LOAN000610,0,0.055,0.275,0
LOAN000611,90+,0.149,0.281,0
LOAN000612,61-90,0.166,0.693,0
LOAN000613,90+,0.153,0.753,0
LOAN000614,0,0.243,0.674,0
LOAN000615,0,0.204,0.32,0
LOAN000616,90+,0.047,0.447,0
LOAN000617,61-90,0.11,0.561,0
LOAN000618,31-60,0.108,0.296,0
LOAN000619,0,0.174,0.326,0
LOAN000620,0,0.095,0.37,0
LOAN000621,31-60,0.044,0.506,0
LOAN000622,0,0.2,0.506,0
LOAN000623,1-30,0.257,0.689,0
LOAN000624,31-60,0.28,0.652,0
LOAN000625,1-30,0.292,0.748,0
LOAN000626,0,0.237,0.7,0
LOAN000627,0,0.051,0.352,0
LOAN000628,90+,0.257,0.399,0
LOAN000629,1-30,0.126,0.5,1
LOAN000630,31-60,0.222,0.209,0
LOAN000631,1-30,0.164,0.742,0
LOAN000632,1-30,0.25,0.227,0
LOAN000633,1-30,0.133,0.393,0
LOAN000634,0,0.028,0.542,0
LOAN000635,0,0.171,0.511,0
LOAN000636,0,0.06,0.593,0
LOAN000637,0,0.29,0.517,0
LOAN000638,0,0.163,0.337,0
LOAN000639,0,0.171,0.321,0
LOAN000640,61-90,0.273,0.744,0
LOAN000641,0,0.191,0.358,0
LOAN000642,0,0.098,0.369,0
LOAN000643,0,0.096,0.448,0
LOAN000644,1-30,0.155,0.284,0
LOAN000645,0,0.261,0.504,0
LOAN000646,0,0.24,0.599,0
LOAN000647,0,0.289,0.672,1
LOAN000648,31-60,0.031,0.627,0
LOAN000649,90+,0.088,0.289,0
LOAN000650,90+,0.033,0.474,0
LOAN000651,0,0.228,0.223,0
LOAN000652,1-30,0.051,0.211,0
LOAN000653,0,0.039,0.464,0
LOAN000654,0,0.173,0.352,0
LOAN000655,0,0.129,0.61,0
LOAN000656,0,0.217,0.635,0
LOAN000657,31-60,0.151,0.737,0
LOAN000658,0,0.133,0.656,0
LOAN000659,0,0.133,0.229,0
LOAN000660,0,0.263,0.423,0
LOAN000661,0,0.125,0.364,0
LOAN000662,31-60,0.107,0.432,1
LOAN000663,1-30,0.108,0.296,0
LOAN000664,1-30,0.067,0.259,0
LOAN000665,0,0.26,0.513,0
LOAN000666,0,0.053,0.632,0
LOAN000667,0,0.273,0.621,0
LOAN000668,90+,0.092,0.471,0
LOAN000669,90+,0.271,0.513,0
LOAN000670,1-30,0.239,0.51,0
LOAN000671,0,0.179,0.615,0
LOAN000672,0,0.204,0.229,0
LOAN000673,0,0.104,0.626,0
LOAN000674,61-90,0.177,0.549,1
LOAN000675,1-30,0.095,0.319,0
LOAN000676,61-90,0.127,0.229,1
LOAN000677,1-30,0.232,0.265,0
LOAN000678,0,0.081,0.515,0
LOAN000679,0,0.253,0.655,0
LOAN000680,0,0.119,0.401,0
LOAN000681,0,0.164,0.427,0
LOAN000682,0,0.283,0.76,0
LOAN000683,1-30,0.208,0.328,0
LOAN000684,1-30,0.197,0.262,0
LOAN000685,0,0.216,0.406,0
LOAN000686,0,0.276,0.648,0
LOAN000687,0,0.082,0.576,0
LOAN000688,1-30,0.188,0.449,0
LOAN000689,0,0.126,0.779,0
LOAN000690,0,0.013,0.641,0
LOAN000691,61-90,0.046,0.237,0
LOAN000692,0,0.104,0.647,0
LOAN000693,0,0.174,0.214,0
LOAN000694,1-30,0.266,0.59,0
LOAN000695,31-60,0.239,0.326,1
LOAN000696,1-30,0.17,0.618,0
LOAN000697,0,0.031,0.386,1
LOAN000698,0,0.093,0.724,0
LOAN000699,31-60,0.116,0.402,1
LOAN000700,0,0.19,0.572,0
LOAN000701,1-30,0.029,0.372,0
LOAN000702,61-90,0.164,0.75,0
LOAN000703,61-90,0.271,0.669,0
LOAN000704,0,0.215,0.346,0
LOAN000705,0,0.241,0.769,1
LOAN000706,0,0.208,0.414,1
LOAN000707,31-60,0.07,0.591,0
LOAN000708,0,0.042,0.646,0
LOAN000709,0,0.251,0.214,1
LOAN000710,0,0.212,0.775,0
LOAN000711,0,0.177,0.407,0
LOAN000712,0,0.065,0.314,0
LOAN000713,0,0.185,0.71,0
LOAN000714,1-30,0.019,0.622,0
LOAN000715,0,0.044,0.252,0
LOAN000716,0,0.1,0.27,0
LOAN000717,31-60,0.139,0.629,0
LOAN000718,31-60,0.045,0.245,0
LOAN000719,0,0.045,0.75,0
LOAN000720,0,0.221,0.645,0
LOAN000721,1-30,0.175,0.401,0
LOAN000722,0,0.165,0.418,0
LOAN000723,0,0.141,0.504,0
LOAN000724,0,0.293,0.417,0
LOAN000725,0,0.024,0.67,0
LOAN000726,0,0.062,0.785,1
LOAN000727,61-90,0.198,0.551,0
LOAN000728,31-60,0.05,0.468,0
LOAN000729,0,0.181,0.334,0
LOAN000730,0,0.175,0.592,0
LOAN000731,1-30,0.292,0.611,0
LOAN000732,0,0.266,0.611,0
LOAN000733,0,0.284,0.216,0
LOAN000734,1-30,0.043,0.739,0
LOAN000735,61-90,0.262,0.403,0
LOAN000736,0,0.047,0.646,0
LOAN000737,31-60,0.194,0.656,0
LOAN000738,0,0.219,0.59,0
LOAN000739,0,0.057,0.437,0
LOAN000740,0,0.193,0.565,0
LOAN000741,1-30,0.025,0.224,0
LOAN000742,31-60,0.095,0.657,0
LOAN000743,1-30,0.277,0.26,0
LOAN000744,0,0.06,0.438,0
LOAN000745,0,0.029,0.262,0
LOAN000746,0,0.139,0.702,0
LOAN000747,0,0.257,0.53,0
LOAN000748,0,0.032,0.615,0
LOAN000749,90+,0.113,0.61,0
LOAN000750,1-30,0.271,0.705,0
LOAN000751,0,0.044,0.28,0
LOAN000752,0,0.1,0.596,0
LOAN000753,0,0.236,0.545,0
LOAN000754,1-30,0.168,0.219,0
LOAN000755,31-60,0.251,0.321,0
LOAN000756,1-30,0.042,0.361,0
LOAN000757,0,0.277,0.244,0
LOAN000758,0,0.281,0.413,1
LOAN000759,90+,0.055,0.216,0
LOAN000760,90+,0.02,0.532,0
LOAN000761,0,0.297,0.327,0
LOAN000762,0,0.15,0.372,0
LOAN000763,0,0.176,0.746,0
LOAN000764,61-90,0.189,0.502,0
LOAN000765,1-30,0.239,0.361,0
LOAN000766,1-30,0.245,0.559,1
LOAN000767,0,0.066,0.321,0
LOAN000768,0,0.079,0.245,0
LOAN000769,0,0.264,0.213,0
LOAN000770,61-90,0.248,0.771,0
LOAN000771,0,0.189,0.635,0
LOAN000772,31-60,0.298,0.68,1
LOAN000773,0,0.223,0.789,0
LOAN000774,61-90,0.073,0.759,0
LOAN000775,31-60,0.256,0.642,1
LOAN000776,0,0.13,0.616,0
LOAN000777,61-90,0.02,0.402,0
LOAN000778,0,0.103,0.262,0
LOAN000779,0,0.231,0.544,0
LOAN000780,0,0.288,0.546,0
LOAN000781,61-90,0.09,0.771,0
LOAN000782,61-90,0.081,0.466,1
LOAN000783,0,0.173,0.614,0
LOAN000784,1-30,0.245,0.545,0
LOAN000785,1-30,0.226,0.306,0
LOAN000786,31-60,0.172,0.555,1
LOAN000787,0,0.193,0.524,0
LOAN000788,0,0.08,0.496,0
LOAN000789,1-30,0.135,0.508,0
LOAN000790,0,0.084,0.298,0
LOAN000791,0,0.266,0.478,0
LOAN000792,1-30,0.043,0.563,0
LOAN000793,0,0.207,0.494,1
LOAN000794,90+,0.085,0.493,0
LOAN000795,0,0.148,0.247,0
LOAN000796,90+,0.097,0.314,0
LOAN000797,0,0.104,0.393,0
LOAN000798,0,0.086,0.452,1
LOAN000799,0,0.228,0.556,0
LOAN000800,31-60,0.116,0.718,0
LOAN000801,31-60,0.221,0.295,0
LOAN000802,0,0.142,0.209,0
LOAN000803,0,0.169,0.47,1
LOAN000804,1-30,0.168,0.459,0
LOAN000805,0,0.293,0.531,0
LOAN000806,31-60,0.116,0.7,0
LOAN000807,0,0.07,0.681,0
LOAN000808,1-30,0.274,0.26,0
LOAN000809,1-30,0.061,0.76,0
LOAN000810,90+,0.252,0.266,0
LOAN000811,1-30,0.054,0.581,0
LOAN000812,0,0.201,0.603,0
LOAN000813,0,0.054,0.608,0
LOAN000814,1-30,0.278,0.359,0
LOAN000815,0,0.174,0.398,0
LOAN000816,61-90,0.105,0.529,0
LOAN000817,1-30,0.051,0.32,0
LOAN000818,0,0.118,0.212,0
LOAN000819,0,0.214,0.537,0
LOAN000820,0,0.122,0.479,0
LOAN000821,0,0.081,0.594,0
LOAN000822,0,0.177,0.288,0
LOAN000823,0,0.131,0.705,0
LOAN000824,0,0.058,0.288,0
LOAN000825,0,0.055,0.735,0
LOAN000826,0,0.215,0.47,0
LOAN000827,0,0.293,0.53,0
LOAN000828,0,0.078,0.738,0
LOAN000829,1-30,0.234,0.38,0
LOAN000830,0,0.035,0.309,0
LOAN000831,0,0.121,0.467,0
LOAN000832,1-30,0.157,0.347,0
LOAN000833,90+,0.088,0.517,0
LOAN000834,0,0.164,0.365,0
LOAN000835,0,0.266,0.719,0
LOAN000836,0,0.284,0.564,0
LOAN000837,0,0.039,0.2,0
LOAN000838,61-90,0.089,0.683,0
LOAN000839,1-30,0.294,0.398,0
LOAN000840,1-30,0.088,0.392,0
LOAN000841,0,0.211,0.43,1
LOAN000842,1-30,0.084,0.578,0
LOAN000843,0,0.113,0.465,0
LOAN000844,0,0.065,0.577,0
LOAN000845,0,0.258,0.288,0
LOAN000846,0,0.266,0.782,0
LOAN000847,0,0.096,0.638,1
LOAN000848,31-60,0.249,0.35,0
LOAN000849,0,0.114,0.635,0
LOAN000850,0,0.039,0.545,0
LOAN000851,0,0.23,0.266,0
LOAN000852,0,0.183,0.307,0
LOAN000853,1-30,0.09,0.225,0
LOAN000854,1-30,0.083,0.686,0
LOAN000855,31-60,0.293,0.531,0
LOAN000856,0,0.26,0.39,0
LOAN000857,1-30,0.245,0.276,0
LOAN000858,61-90,0.047,0.49,0
LOAN000859,0,0.229,0.515,1
LOAN000860,0,0.072,0.621,1
LOAN000861,61-90,0.293,0.782,0
LOAN000862,0,0.025,0.461,0
LOAN000863,0,0.112,0.444,0
LOAN000864,0,0.134,0.422,1
LOAN000865,0,0.249,0.696,0
LOAN000866,0,0.232,0.294,0
LOAN000867,0,0.119,0.406,0
LOAN000868,1-30,0.174,0.635,0
LOAN000869,0,0.252,0.209,0
LOAN000870,31-60,0.015,0.374,0
LOAN000871,0,0.243,0.585,0
LOAN000872,90+,0.285,0.312,0
LOAN000873,90+,0.019,0.382,0
LOAN000874,31-60,0.023,0.492,0
LOAN000875,90+,0.11,0.453,0
LOAN000876,1-30,0.035,0.264,0
LOAN000877,61-90,0.149,0.763,0
LOAN000878,0,0.221,0.227,1
LOAN000879,0,0.174,0.65,0
LOAN000880,31-60,0.067,0.243,0
LOAN000881,0,0.2,0.48,0
LOAN000882,31-60,0.209,0.305,0
LOAN000883,61-90,0.28,0.285,0
LOAN000884,0,0.053,0.276,0
LOAN000885,31-60,0.211,0.472,0
LOAN000886,0,0.274,0.509,0
LOAN000887,0,0.155,0.28,0
LOAN000888,0,0.115,0.788,0
LOAN000889,0,0.06,0.355,0
LOAN000890,0,0.261,0.475,1
LOAN000891,0,0.124,0.33,0
LOAN000892,0,0.278,0.496,0
LOAN000893,31-60,0.256,0.654,0
LOAN000894,1-30,0.119,0.513,0
LOAN000895,0,0.176,0.371,0
LOAN000896,0,0.018,0.349,1
LOAN000897,61-90,0.086,0.655,0
LOAN000898,31-60,0.216,0.271,0
LOAN000899,0,0.207,0.422,0
LOAN000900,0,0.112,0.291,0
LOAN000901,31-60,0.244,0.355,0
LOAN000902,1-30,0.078,0.292,1
LOAN000903,0,0.144,0.732,0
LOAN000904,0,0.147,0.639,0
LOAN000905,0,0.109,0.537,0
LOAN000906,31-60,0.287,0.335,1
LOAN000907,0,0.212,0.506,0
LOAN000908,0,0.166,0.512,0
LOAN000909,0,0.158,0.554,0
LOAN000910,90+,0.056,0.236,0
LOAN000911,31-60,0.118,0.784,0
LOAN000912,1-30,0.205,0.479,0
LOAN000913,1-30,0.278,0.756,0
LOAN000914,0,0.247,0.206,0
LOAN000915,61-90,0.097,0.349,0
LOAN000916,0,0.136,0.262,0
LOAN000917,31-60,0.034,0.662,0
LOAN000918,0,0.04,0.392,0
LOAN000919,0,0.146,0.704,0
LOAN000920,0,0.164,0.699,0
LOAN000921,31-60,0.087,0.601,0
LOAN000922,31-60,0.196,0.599,1
LOAN000923,0,0.214,0.62,0
LOAN000924,0,0.097,0.604,0
LOAN000925,90+,0.23,0.432,0
LOAN000926,0,0.07,0.61,0
LOAN000927,31-60,0.168,0.738,0
LOAN000928,1-30,0.243,0.4,0
LOAN000929,0,0.166,0.767,0
LOAN000930,0,0.273,0.208,0
LOAN000931,0,0.027,0.409,0
LOAN000932,0,0.181,0.279,0
LOAN000933,0,0.173,0.276,0
LOAN000934,0,0.202,0.689,1
LOAN000935,0,0.252,0.751,0
LOAN000936,1-30,0.22,0.667,0
LOAN000937,31-60,0.239,0.786,0
LOAN000938,0,0.094,0.33,1
LOAN000939,0,0.122,0.284,0
LOAN000940,0,0.192,0.512,0
LOAN000941,0,0.171,0.697,0
LOAN000942,31-60,0.289,0.224,0
LOAN000943,0,0.064,0.797,0
LOAN000944,31-60,0.112,0.561,0
LOAN000945,0,0.176,0.787,0
LOAN000946,1-30,0.262,0.419,0
LOAN000947,0,0.28,0.475,0
LOAN000948,31-60,0.107,0.651,0
LOAN000949,61-90,0.029,0.676,0
LOAN000950,1-30,0.132,0.34,0
LOAN000951,31-60,0.124,0.758,0
LOAN000952,0,0.296,0.72,0
LOAN000953,61-90,0.135,0.211,0
LOAN000954,0,0.099,0.277,0
LOAN000955,0,0.116,0.498,0
LOAN000956,0,0.125,0.477,0
LOAN000957,90+,0.248,0.625,0
LOAN000958,61-90,0.033,0.254,0
LOAN000959,61-90,0.102,0.587,0
LOAN000960,31-60,0.29,0.57,0
LOAN000961,0,0.054,0.34,0
LOAN000962,61-90,0.225,0.525,0
LOAN000963,90+,0.113,0.333,0
LOAN000964,0,0.179,0.288,0
LOAN000965,0,0.039,0.544,0
LOAN000966,1-30,0.099,0.786,0
LOAN000967,90+,0.155,0.342,0
LOAN000968,61-90,0.077,0.413,0
LOAN000969,61-90,0.167,0.354,0
LOAN000970,90+,0.074,0.36,1
LOAN000971,61-90,0.199,0.443,0
LOAN000972,31-60,0.272,0.621,0
LOAN000973,1-30,0.035,0.223,0
LOAN000974,0,0.073,0.774,1
LOAN000975,1-30,0.255,0.228,0
LOAN000976,0,0.193,0.729,0
LOAN000977,61-90,0.033,0.737,0
LOAN000978,0,0.151,0.515,0
LOAN000979,0,0.071,0.282,0
LOAN000980,0,0.068,0.539,0
LOAN000981,1-30,0.283,0.577,0
LOAN000982,0,0.231,0.715,0
LOAN000983,0,0.212,0.531,0
LOAN000984,0,0.079,0.446,0
LOAN000985,0,0.044,0.703,0
LOAN000986,0,0.263,0.789,1
LOAN000987,0,0.012,0.587,0
LOAN000988,0,0.123,0.725,1
LOAN000989,0,0.091,0.559,0
LOAN000990,0,0.175,0.614,1
LOAN000991,0,0.083,0.613,0
LOAN000992,61-90,0.1,0.623,0
LOAN000993,0,0.257,0.393,0
LOAN000994,0,0.185,0.545,0
LOAN000995,0,0.052,0.556,0
LOAN000996,0,0.221,0.389,0
LOAN000997,0,0.07,0.41,1
LOAN000998,0,0.136,0.657,1
LOAN000999,1-30,0.198,0.55,1
